,press company,date,title,url,abstract,date detail,head article,main article
0,https://www.hankyung.com/,2019. 6. 16.,비트코인 1100만원 넘었다...또 연중 최고점 경신,https://www.hankyung.com/economy/article/201906163286g,"비트코인 거래량, 美 68.81% 압도적 1위 한국 프리미엄 0%...""과열도, 영향력도 없다"". 사진=PIXABAY. 대표 
가상화폐(암호화폐) 비트코인이 또다시 ...",2019.06.16 17:36,"비트코인 거래량, 美 68.81% 압도적 1위
한국 프리미엄 0%...""과열도, 영향력도 없다""","




사진=PIXABAY

                        대표 가상화폐(암호화폐) 비트코인이 또다시 연중 최고점을 돌파했다. 수차례 조정을 거치며 과열 없이 조금씩 상승하는 모양새다.암호화폐 거래소 업비트에 따르면 16일 오후 3시 현재 비트코인은 1106만3000원을 기록 중이다. 지난달 말 연중최고점인 1081만5000원을 기록한 비트코인은 큰 조정을 받으며 920만원대까지 하락했다가 다시 상승해 금일 14시경 연중 최고점을 경신했다. 제도권 진입 기대감에 채굴 난이도 상승 등의 호재가 겹친 것으로 분석됐다. 국제자금세탁방지기구(FATF)는 오는 21일 암호화폐 취급 업체에 대한 세부 규제 지침을 내놓는다. 최근 열린 주요 20개국(G20) 회의에서 재무장관·중앙은행 총재들도 해당 FATF 권고안을 따르겠다는 공동성명을 발표했다.글로벌 단위의 첫 규제 사례가 생기게 되면 당장은 큰 혼란을 겪을 수도 있지만 업계는 이를 ‘제도권 진입을 위한 마지막 관문’으로 인식하고 있는 것으로 전해졌다. 이에 비트코인 채굴자들이 늘어나며 채굴 난이도가 소폭 상승한 것도 시세에 영향을 줬다.비트코인 가격 상승은 미국 자금이 주도하고 있는 것으로 확인됐다. 암호화폐 거래 통계사이트 코인힐스에 따르면 16일 현재 전체 비트코인-법정화폐간 거래량 중 달러화가 68.81%를 차지해 1위를 기록했다. 엔화는 23.54%로 2위에 머물렀다.한편 비트코인의 국내 프리미엄(국내 암호화폐 가격과 해외 암호화폐 가격의 차이)은 0%를 기록하며 과열 양상 없이 해외 시세를 따라가고 있는 것으로 확인됐다.전문가들은 “지금의 암호화폐 시장은 미국이 주도하고 있다. 한국은 이미 예전의 영향력을 완전히 잃었다. 국내 비트코인-법정화폐 거래량도 전체 비트코인 거래량의 2%대에 불과하다. 여전히 3위긴 하지만, 미국과 일본이 전체 시장의 93%를 차지하고 있어 사실상 나머지 국가의 거래량이 무의미한 상황""이라고 진단했다. 김산하 한경닷컴 기자 sanha@hankyung.com기사제보 및 보도자료 open@hankyung.com
"
1,https://www.hankyung.com/,2019. 6. 25.,"비트코인 1300만원 돌파… ""2017~2018년 광풍 때보다 거래량 5배↑""",https://www.hankyung.com/it/article/201906257015g,"美달러 비트코인 거래량 전체 78% 차지 한국 프리미엄 0%, 국내 과열 징조 없어. 사진=PIXABAY. 비트코인이 또다시 연중 
최고점을 돌파하며 1300 ...",2019.06.25 14:16,"美달러 비트코인 거래량 전체 78% 차지
한국 프리미엄 0%, 국내 과열 징조 없어","




사진=PIXABAY

                        비트코인이 또다시 연중 최고점을 돌파하며 1300만원대로 올라섰다. 최근 국제자금세탁방지기구(FATF)의 자금세탁방지 관련 권고안 발표로 인한 규제 불확실성 해소, 페이스북의 가상화폐(암호화폐) '리브라' 백서 공개 등이 상승요인으로 꼽힌다.암호화폐 거래소 업비트 기준으로 25일 오후 12시5분 현재 비트코인은 1302만원 내외를 기록 중이다. 지난달 1000만원을 돌파한 비트코인은 이후 조정을 받아 920만원대까지 내려갔다가 다시 상승해 이달 16일 1100만원, 21일 1200만원을 돌파한 데 이어 이날 오전 11시경 1300만원선을 넘기며 오름세를 이어갔다.우리나라를 포함해 전세계 주요 37개국이 참여하는 FATF는 지난 21일 암호화폐 취급업체(거래소)에 대한 세부 규제 지침을 내놓았다. 암호화폐를 '자산'으로 인식하도록 하고 거래소들에 금융기관 수준의 자금세탁방지(AML) 의무를 부여한 게 골자다.권고안은 2020년 6월까지 1년간의 시행 유예기간을 뒀다. 이 기간 각국 의견을 수렴해 최종안을 확정하는 수순이다. 강력한 수위의 규제가 생기긴 했지만 시장에서는 '제도권 진입' 신호탄으로 인식했다는 분석이 나온다.세계 최대 SNS(소셜네트워크서비스) 기업 페이스북이 리브라를 공개한 것도 호재로 작용했다. 업계는 리브라 코인이 상용화되면 약 24억명에 달하는 페이스북 사용자들이 은행계좌 없이 암호화폐를 활용해 송금·결제할 수 있게 될 것으로 내다봤다.이번 비트코인 가격 상승은 미국 자금이 주도하고 있다. 암호화폐 거래 통계사이트 코인힐스에 따르면 25일 현재 전체 비트코인과 법정화폐 간 거래량 중 달러화가 77.98%를 차지했다. 국내 비트코인 시세는 프리미엄(국내 암호화폐 가격과 해외 암호화폐 가격 차이) 없이 해외 시세를 쫒아가고 있는 것으로 확인됐다.비트코인이 전고점을 찍은 지난 2017~2018년 폭등장보다 더 많은 거래량 증가를 동반한 것으로도 진단됐다.표철민 체인파트너스 대표는 ""투기 광풍을 몰고 왔던 2017~2018년 상승장 당시 전세계 하루 평균 비트코인 거래량은 3.17조원 규모였던 데 반해 최근에는 하루 평균 17.7조원이 거래됐다. 시장이 훨씬 커진 것""이라며 ""이번 1만달러 돌파는 종전 가격상승과는 '체력 차이'가 있다""고 설명했다.다만 여전히 암호화폐 시장의 절대적 규모는 작아 몇몇 고래(거물)가 움직이는 등의 변수에도 시세가 요동칠 수 있어 주의할 필요가 있다는 지적도 나왔다. 한 전문가는 ""가격은 오르고 있는 상황이지만 비트코인 시장은 소수의 '큰 손'들에 휘둘리는 불완전한 시장에 가깝다. 단기간에 급격한 상승이 온 만큼 큰 하락이 올 수 있어 투자에 주의해야 한다""고 강조했다. 김산하 한경닷컴 기자 sanha@hankyung.com기사제보 및 보도자료 open@hankyung.com
"
2,https://www.hankyung.com/,2019. 5. 27.,비트코인 1000만원 돌파…가상화폐 살아나나,https://www.hankyung.com/economy/article/2019052791891,"페이스북·스타벅스 등 투자 호재 채굴량 감소로 '가치 상승' 기대도 여전히 변동성 커 투자 주의해야. '가상화폐 대장주' 비트코인 
가격이 1년 만에 ...",2019.05.28 01:39,"페이스북·스타벅스 등 투자 호재 
채굴량 감소로 '가치 상승' 기대도

여전히 변동성 커 투자 주의해야","
								‘가상화폐 대장주’ 비트코인 가격이 1년 만에 1000만원을 다시 넘어섰다. 올 2분기 들어 해외 유명 기업이 블록체인 사업을 강화한다는 뉴스와 국내외 금융시장 불안을 호재로 삼아 들썩이는 모습이다. 하지만 변동성이 워낙 커 투자에 신중해야 한다는 지적이 적지 않다.
                            






                        27일 가상화폐거래소 빗썸에서 비트코인 가격은 오전 4시55분 1001만원으로 올라선 뒤 오전 10시3분 1059만원까지 치솟았다. 오후 들어 1020만~1030만원대로 다소 내렸으나 1000만원대 안착에는 성공했다. 비트코인이 1000만원대에 거래된 것은 지난해 5월 10일 이후 1년여 만이다. 이날 코스닥시장에서 이른바 ‘코인 관련주’로 꼽히는 SCI평가정보, 우리기술투자, 에이티넘인베스트먼트 등도 동반 상승했다.지난해 비트코인은 2504만원(1월 7일)으로 정점을 찍었다가 359만원(12월15일)까지 무너지는 롤러코스터 장세를 보였다. 정부가 가상화폐 거래 실명제를 비롯한 초강력 규제를 꺼내들면서 신규 투자자 유입이 사실상 막혔다.비트코인이 다시 관심받는 것은 ‘가격이 바닥을 쳤다’는 기대와 함께 미·중 무역갈등으로 불안해진 금융시장에서 대체 투자자산으로 주목받고 있기 때문이란 분석이 나온다. 지난달부터 페이스북, 마이크로소프트, 스타벅스, 삼성전자 등이 자체 코인 발행이나 블록체인 기술 개발에 나섰다는 보도가 잇따른 점도 분위기를 띄웠다. 뉴욕증권거래소의 모회사 인터컨티넨털익스체인지(ICE)가 만든 가상화폐 선물거래소 백트도 오는 7월 비트코인 선물거래를 시작한다고 발표했다.비트코인 채굴량이 절반으로 줄어드는 반감기가 내년으로 예정된 것도 ‘가치 상승’에 대한 낙관론을 키웠다. 비트코인이 상승하자 알트코인(비트코인을 뺀 나머지 가상화폐) 가격도 오름세를 나타냈다.정부는 2년 전과 같은 ‘투기 광풍’이 재현될 가능성은 작다고 보고 있다. 가상화폐에 대한 ‘불인정·불개입’ 원칙도 그대로다. 금융위원회 관계자는 “최근 비트코인 상승세는 해외 요인에 따른 것”이라며 “유독 국내 시장만 과열될 때 나타났던 ‘김치 프리미엄’ 등도 보이지 않는 만큼 정부가 움직일 상황은 아니다”고 말했다.국내 주요 가상화폐거래소에는 새로 가입하려는 투자자의 문의가 늘고 있다. 블록체인업계 관계자는 “폭락을 경험한 학습효과 때문에 대중도 섣불리 투기에 나서진 않을 것”이라면서도 “가상화폐 가격은 그 누구도 예측 불가능하다는 위험성은 꼭 기억해야 한다”고 강조했다. 해외 일부 전문가는 “소수의 작전세력에 의한 시세 조종이 이뤄지고 있어 비트코인은 곧 폭락할 것”이라는 경고도 내놨다.임현우 기자 tardis@hankyung.com
								"
3,https://www.hankyung.com/,2019. 6. 4.,롤러코스터 타는 비트코인…1000만원 또 붕괴,https://www.hankyung.com/it/article/201906044234g,"대표 가상화폐(암호화폐) 비트코인이 4일 오전 급락해 사흘만에 또다시 1000만원 선을 내줬다. 연일 급등락을 반복하는 모양새다. 
암호화폐 거래소 ...",2019.06.04 18:27,,"




사진=PIXABAY

                        대표 가상화폐(암호화폐) 비트코인이 4일 오전 급락해 사흘만에 또다시 1000만원 선을 내줬다. 연일 급등락을 반복하는 모양새다.암호화폐 거래소 업비트에 따르면 지난달 31일 폭락 이후 다시 반등해 1030만원대를 유지하던 비트코인 시세는 4일 오전 9시경 갑자기 960만원대까지 급락했다. 한시간 동안 약 6%넘게 폭락한 뒤 소폭 반등해 오전 9시 50분 현재 990만 8000원을 기록중이다.비트코인 급락 원인은 명확히 밝혀지지 않았다. 다만 전문가들은 “비트코인이 원인 없이 급등락 하는 것은 흔한 현상”이라며 “바이낸스·비트파이넥스 등 해외 주요거래소에서 일시적으로 대량의 매물이 출현해 벌어진 해외 발 급락”이라고 짚었다. 이에 국내 비트코인 시세에 비해 해외 비트코인 시세의 하락 속도가 빨라지며 국내 암호화폐 가격이 해외 암호화폐 가격보다 높아지는 ‘김치 프리미엄’현상이 소폭 발생했다. 현재 김치 프리미엄은 4%~5% 내외를 유지 중이다.김산하 한경닷컴 기자 sanha@hankyung.com기사제보 및 보도자료 open@hankyung.com
"
4,https://www.hankyung.com/,2019. 5. 29.,비트코인 받는 기업들 는다,https://www.hankyung.com/it/article/201905294701g,"신용카드 수수료보다 저렴하고 사기 위험↓ “가격 변동 우려 없이 비트코인 결제 가능"". 사진=PIXABAY. 비트코인을 받는 기업들이 
늘고 있다.",2019.05.29 13:52,"신용카드 수수료보다 저렴하고 사기 위험↓
“가격 변동 우려 없이 비트코인 결제 가능""","




사진=PIXABAY

                        비트코인을 받는 기업들이 늘고 있다. 이름을 대면 알 만한 기업들이 앞장섰다. 수수료가 저렴한 데다 시시각각 바뀌는 비트코인의 변동성 문제를 해결하는 옵션이 나왔기 때문이다.29일 관련 업계에 따르면 최근 비트코인 시세가 1000만원을 돌파한 주요 원인으로 기업들의 비트코인을 비롯한 암호화폐 결제 옵션 채택이 꼽힌다. 스타벅스·배스킨라빈스·게임스톱 등 미국의 대표적 기업들부터 일본 라쿠텐, 영국 여행사 코퍼레이트 트러블러 등이 암호화폐 결제를 도입했다.특히 미국 기업들이 주도하고 있다. 세계 최대 통신사 AT&T가 최근 비트코인 결제를 허용키로 한 게 대표적이다. AT&T 가입자 약 1억5000만명이 누구나 비트코인으로 통신요금을 지불할 수 있게 됐다.AT&T는 비트페이와 파트너십을 맺고 이 서비스를 제공한다. 비트페이는 비트코인 결제가 가능하도록 도와주는 암호화폐 결제서비스 기업. 고객이 비트코인으로 결제 요청을 하는 즉시 비트페이가 중간에서 이를 달러나 유로화 등으로 환전해 결제를 처리하는 방식이다. 따라서 가맹점은 결제대금을 법정화폐로 받는다. 소비자가 비트코인으로 결제해도 가격 변동 리스크를 지지 않는 시스템을 구축한 것이다.초 단위 이내로 진행되는 결제 처리 과정에서 발생하는 미세한 비트코인 시세 변동은 가맹점 대신 비트페이가 리스크를 감수한다. 대신 비트페이가 수수료 1%를 가져간다. 몇 초 사이에 비트코인 시세가 1% 이상 널뛰기하는 경우는 드물어 가능한 비즈니스 구조다. 
                            



비트페이가 비트코인 결제를 처리해주는 절차(사진=비트페이 홈페이지 화면 갈무리)

                        수수료율 1%는 미국에서 신용카드 결제시 가맹점이 부담하는 실제 수수료가 3%대임을 감안할 때 암호화폐 결제 도입의 중요 포인트다. 기업 입장에선 비트코인 결제 전환으로 수수료 지출을 줄여 비용을 절감할 수 있다.AT&T의 지난해 매출 약 1775억달러(약 211조원)를 기준으로 암호화폐 결제가 차지하는 비중이 1%늘어날 때마다 연간 422억원의 수수료 절감이 가능하단 계산이 나온다. AT&T뿐 아니라 스타벅스 등도 암호화폐 결제 앱 스페든과 손잡고 유사한 형태로 비트코인 등 암호화폐 결제를 지원한다. 이점은 또 있다. 결제 즉시 현금이 들어오는 것이다. 신용카드 결제의 경우 정산 과정 소요로 인해 실제로 가맹점 수중에 돈이 들어오는 것은 매출 발생 후 4~9영업일 뒤다. 반면 암호화폐 결제는 속성상 지불이 완료되면 곧바로 현금을 받을 수 있다. 현금 흐름이 막히는 일을 최소화해 경영 리스크를 줄일 수 있다.도용·도난이 쉬운 신용카드와 비교해 비교적 사기를 당할 위험이 적다는 점, 사용자 편의성을 증대시키면서 업계 내에서 선도적인 이미지를 구축할 수 있다는 점 등도 장점으로 꼽힌다. 글로벌 소매 기업들이 잇따라 비트페이·스페든 같은 암호화폐 결제기업과 손잡고 암호화폐 결제를 도입한 이유다. 암호화폐 결제가 일시적 유행에 그치거나 기존 금융산업 틀을 무너뜨리는 게 쉽지 않을 것이란 반론도 나온다. 하지만 업계는 암호화폐 사용자가 늘어나는 추세인 데다 페이스북 등 글로벌 정보기술(IT) 기업들도 암호화폐 결제서비스를 준비하는 만큼 대중화될 것으로 내다봤다. 김산하 한경닷컴 기자 sanha@hankyung.com기사제보 및 보도자료 open@hankyung.com
"
5,https://www.hankyung.com/,2019. 5. 31.,비트코인 급락…천만원 밑으로,https://www.hankyung.com/it/article/201905314566g,"가상화폐(암호화폐) 대장주 비트코인 가격이 31일 오후 급락해 1000만원 선이 붕괴됐다. 지난 27일 1000만원대로 올라선 지 나흘 
만이다.",2019.05.31 14:54,,"




사진=게티이미지뱅크

                        가상화폐(암호화폐) 대장주 비트코인 가격이 31일 오후 급락해 1000만원 선이 붕괴됐다. 지난 27일 1000만원대로 올라선 지 나흘 만이다.이날 오후 2시 기준 비트코인 가격(이하 업비트 기준)은 990만원대를 기록 중이다.국내 암호화폐 거래소 가격이 해외 거래소보다 높게 형성되는 '김치 프리미엄'은 2.6~3% 수준에서 유지되고 있다. 따라서 해외 거래소 비트코인 가격은 더 낮다. 바이낸스는 8136.91달러(약 968만원), 비트파이넥스는 8132달러(약 967만원)로 한국보다 낮게 형성됐다.비트코인 급락 원인은 명확하진 않지만 간밤 글로벌 비트코인 가격이 9000달러를 돌파, 이에 대한 반동으로 일종의 조정세를 보인 것이란 관측이 제기된다. 이날 오전 1시께 바이낸스에서 9074.26달러(약 1080만원)까지 급등했다. 이후 차익 실현 매물이 몰리며 하락이 시작됐다.다만 업비트 기준으로 오후 2시20분 현재 비트코인 가격은 1000만원 위로 올라서 소폭 등락을 거듭하고 있다. 해외 거래소 가격은 하락 상태를 유지하면서 국내 거래소 비트코인 가격만 소폭 상승했다.마이크 노보그라츠 갤럭시 디지털 대표는 최근 언론 인터뷰에서 비트코인이 단기적으로 7000~1만달러 사이에서 혼조세를 보일 것이란 전망을 내놓았다. 단 장기적으로는 비트코인이 금의 시가 총액 7조5000억달러를 뛰어넘을 것이라며 암호화폐 강세론을 유지했다.오세성 한경닷컴 기자 sesung@hankyung.com기사제보 및 보도자료 open@hankyung.com
"
6,https://www.hankyung.com/,2019. 5. 17.,크게 출렁이는 비트코인…800만원대 급락,https://www.hankyung.com/it/article/201905176861g,"대표 가상화폐(암호화폐) 비트코인 가격이 다시 800만원대로 급락했다. 암호화폐 거래소 업비트에 따르면 비트코인 시세가 17일 오후 
12시10분경 ...",2019.05.17 12:32,,"




사진=PIXABAY

                        대표 가상화폐(암호화폐) 비트코인 가격이 다시 800만원대로 급락했다.암호화폐 거래소 업비트에 따르면 비트코인 시세가 17일 오후 12시10분경 840만원대까지 폭락했다. 전일 고점 대비 14%가량 떨어지며 일시적으로 '패닉셀' 양상까지 보였지만 이후 반등하며 크게 출렁이고 있다.비트코인은 이달 들어 급등했다. 지난 8일 700만원대에 진입했고 12일 800만원대, 14일 900만원대를 뚫었다. 피델리티, JP모건, 페이스북 등 글로벌 기업들이 앞다퉈 암호화폐 시장에 진출한 영향이 컸다.그러나 16일 한때 984만2000원까지 올랐던 비트코인은 17일 강한 조정을 받는 모양새다. 비트코인은 12320분 기준 880만~890만원대를 기록중이다.비트코인 폭락에 리플 464원(-7.94%) 이더리움 29만3450원(-7.67%) 비트코인캐시 44만7000원(-6.75%) 이오스 7200원(-7.93%) 주요 암호화폐들도 동반 폭락했다. 김산하 한경닷컴 기자 sanha@hankyung.com기사제보 및 보도자료 open@hankyung.com
"
7,https://www.hankyung.com/,2019. 6. 23.,"'리브라 효과' 1만달러선 넘어선 비트코인, 신뢰 회복할까",https://www.hankyung.com/finance/article/201906231926Y,"월가서도 자산으로서 가상화폐 관심…해킹·보안상 허점·사기 등 문제 여전. '리브라 효과' 1만달러선 넘어선 비트코인, 신뢰 회복할까. 
페이스북이 ...",2019.06.23 12:26,,"
								월가서도 자산으로서 가상화폐 관심…해킹·보안상 허점·사기 등 문제 여전
                            





                         페이스북이 가상화폐 출시를 공식화한 가운데 대표적인 가상화폐인 비트코인 가격이 1년여 만에 처음으로 1만 달러를 돌파했다.  22일(현지시간) 미국 가상화폐 정보제공업체 코인데스크에 따르면 비트코인은 전날 1만 달러를 웃돈 데 이어 이날 1만1천 달러도 넘어섰다고 월스트리트저널(WSJ)이 보도했다.






                            ◇ 페이스북 가상화폐 '리브라' 호재    페이스북이 지난 18일 출시를 공개한 가상화폐 '리브라'에 대한 기대가 비트코인의 급등세를 이끈 호재라는 분석이 나온다.  페이스북은 이르면 내년부터 이를 도입한다고 발표했다.  투자자들은 리브라가 현금이나 신용카드 등 기존 결제 수단에 이어 가상화폐가 널리 이용될 계기를 마련할 것이라고 기대하며 비트코인을 사들이고 있다.  2013년부터 비트코인에 투자했다는 홍콩의 가상화폐 투자자 존 패트릭 멀린은 ""스마트머니(고수익을 위해 시세 변화에 신속하게 움직이는 자금)와 기관 투자금이 확실히 몰려 들어오기 시작했다""며 자신도 지난 3월 말 비트코인 가격이 오름세를 보일 때 추가 매입을 했다고 말했다.  ◇ 월가에서도 가상화폐 시장에 관심 잇따라    게다가 최근 들어 비트코인이 월가 기관 투자자 등에게 디지털 자산으로서 가치를 인정받고 있음을 시사하는 뉴스가 연이어 나온 점도 호재로 작용하고 있다.  지난 2월 미국의 대형 은행 JP모건 체이스는 기관계좌 간 이루어지는 즉각적인 거래 결제를 가능케 하는 자체 가상화폐 'JPM코인'을 만들었다고 밝히기도 했다.  제이미 다이먼 최고경영자(CEO)가 그동안 ""비트코인은 사기""라며 노골적으로 비판해온 것을 고려하면 자체 가상화폐를 내세워 차별화하겠다는 것으로 보인다.  미 자산운용사인 피델리티 인베스트먼트는 기관 투자자들을 위한 '비트코인 거래서비스'를 선보일 예정이다.  또 비트코인 뒤를 잇는 가상화폐 리플은 지난 17일 미국 송금 서비스업체 머니그램에 최대 5천만 달러(약 580억원)를 투자하기로 했다고 밝혔다.  가상화폐 기반 기업이 미 주요 상장사에 자본을 투자하는 것은 이번이 처음이라고 WSJ은 전했다.






                            ◇가상화폐 예전의 '영광' 되찾나…""시장 성숙했으나 문제 여전""    가상화폐가 올해 반등추세를 이어오면서 지난해의 '최악의 시절'이 끝났다는 기대감이 커지고 있다.  비트코인 가격은 지난해 말 저점을 찍은 이후 랠리를 거듭해 22일까지 저점 대비 3배 이상 수준에 이르렀다.  비트코인은 지난 2017년 11월 처음으로 1만 달러를 돌파한 데 이어 단 18일 만에 2만 달러에 근접하며 사상 최고치를 찍었다.  그러나 이후 하락을 거듭해 3천 달러 선까지 떨어졌던 비트코인은 이전보다 훨씬 완만한 속도의 상승세를 나타내고 있다.  업계에서는 이런 현상을 '가상화폐 시장 성숙'이라고 해석한다.  싱가포르 블록체인 투자 펀드인 NGC 벤처스를 설립한 토니 구는 2017년 말보다 시장이 성숙해졌다며 ""현재의 시장 구조는 완전히 다르다""고 진단했다.  미국 펜실베이니아주 빌라노바대 존 세두노프 금융학과 부교수는 ""지난번 (비트코인의) 1만 달러 돌파 당시와 비교하면 이번에는 비트코인을 신뢰할 만한 이유가 있다""면서도 ""현재 가격이 지속 가능할지는 여전히 확신하지 못하겠다""고 말했다.  가상화폐 시장은 여전히 해킹, 보안상의 허점, 사기 등의 문제를 안고 있기 때문이다.  지난 4월 미 최대 가상화폐 거래소 중 하나인 비트피넥스(Bitfinex)는 고객들의 투자금 8억5천만 달러(약 9천890억원)에 대한 손실을 은폐하려 했다는 혐의로 뉴욕 검찰에 수사받기도 했다.






 /연합뉴스
								"
8,https://www.hankyung.com/,2019. 5. 9.,해킹 악재에도 비트코인 700만원 돌파,https://www.hankyung.com/it/article/201905097032g,"비트코인 시세가 700만원을 돌파했다. 글로벌 거래량 1위 가상화폐(암호화폐) 거래소 바이낸스 해킹 악재에도 불구하고 연중 최고점을 
갈아치웠다.",2019.05.17 10:33,,"




사진=PIXABAY

                        비트코인 시세가 700만원을 돌파했다. 글로벌 거래량 1위 가상화폐(암호화폐) 거래소 바이낸스 해킹 악재에도 불구하고 연중 최고점을 갈아치웠다.암호화폐 거래소 업비트에 따르면 9일 오전 11시50분 기준 국내 비트코인 시세는 706만2000원을 기록했다. 전날(8일) 바이낸스에서 비트코인 7000개(약 480억원)가 해킹으로 탈취당하는 악재가 발생했지만 상승세를 유지했다.페이스북의 암호화폐 시장 진출 소식이 호재로 작용했다. 전문가들은 ""페이스북이 다음 분기 내 암호화폐를 출시한다는 블룸버그 보도와 함께 암호화폐 광고도 허용하겠다고 잇따라 발표한 게 시장에 긍정적 영향을 미쳤다""고 분석했다.이같은 상승세에도 국내 비트코인 시세는 해외 시세를 따라잡지 못하고 있다. 같은 시각 비트코인은 홍콩 거래소 비트파이넥스에서 6295.60달러(약 739만2000원), 바이낸스에서 6093.45달러(약 715만4000원)에 거래돼 국내 시세보다 1~4%가량 가격이 높았다.김산하 한경닷컴 기자 sanha@hankyung.com기사제보 및 보도자료 open@hankyung.com
"
9,https://www.hankyung.com/,2019. 5. 12.,"비트코인, 800만원 돌파…두달 만에 두배 올라",https://www.hankyung.com/economy/article/201905125895i,"비트코인 가격이 급등세를 보이며 연중 최고치를 계속 갈아치우고 있다. 12일 오전 10시30분 기준 국내 거래 가상화폐거래소에서 
비트코인 가격은 ...",2019.05.12 11:00,,"




사진=게티이미지뱅크 

                        비트코인 가격이 급등세를 보이며 연중 최고치를 계속 갈아치우고 있다.12일 오전 10시30분 기준 국내 거래 가상화폐거래소에서 비트코인 가격은 830만원대를 기록했다. 비트코인의 국내 가격은 지난 3월 말까지 400만원대에 머물다 4월 초 ‘만우절 가짜뉴스 소동’ 이후 꾸준히 오르고 있다. 5월 들어 600만원대에 안착한 이후 이달 9일 700만원대에 진입했고, 이틀 뒤인 지난 11일 800만원대까지 뚫었다.업계 관계자들은 해외 유명 기업들의 가상화폐 시장 진출 소식이 이어진 점이 호재로 작용했다고 설명했다. 오랜만에 찾아온 반등장에 투자자들이 적극적으로 움직이고 있다는 분석이다.이달 들어 월스트리트저널 등은 페이스북이 ‘리브라 프로젝트’라는 이름으로 페이스북, 인스타그램, 왓츠앱 등에서 쓸 수 있는 가상화폐 서비스를 준비 중이라고 보도했다. 페이스북은 또 블록체인 관련 광고 노출을 허용하기로 했다고 발표했다. 블룸버그통신 등은 미국 자산운용사 피델리티인베스트먼트가 기관투자가 대상의 비트코인 거래 서비스를 내놓을 예정이라고 전했다. 기관투자가가 시장에 참여하면 가상화폐가 ‘정상적인 디지털 자산’으로 가치를 인정받게 될 것이란 기대가 높아졌다는 분석이다.하지만 주요 가상화폐 거래소에 해킹 사건이 잇따르면서 투자자들의 불안감도 높아지고 있다. 최근 세계 최대 규모 거래소인 바이낸스가 해킹 공격으로 480억원 상당의 비트코인을 탈취당한 사실이 드러났다. 크립포피아, 쿼트리가CX, 드래곤X 등도 해킹의 먹잇감이 됐다. 호재와 악재가 뒤섞이면서 “가상화폐 시장이 불 마켓(상승장)에 들어섰다”는 주장과 “또 한 번 버블(거품)이 시작됐다”는 비판이 팽팽히 맞서고 있다.임현우 기자 tardis@hankyung.com
								"
10,https://www.hankyung.com/,2019. 5. 14.,비트코인 900만원 넘었다…'불붙은 상승세',https://www.hankyung.com/it/article/201905141609g,"800만원 넘긴 지 사흘만에 900만원 돌파 '백트 7월 개장' 호재가 상승세 견인 추정. 비트코인 / 사진=게티이미지. 비트코인이 
800만원을 돌파한 지 ...",2019.05.17 10:33,"800만원 넘긴 지 사흘만에 900만원 돌파
'백트 7월 개장' 호재가 상승세 견인 추정","




비트코인 / 사진=게티이미지

                        비트코인이 800만원을 돌파한 지 사흘 만에 900만원 벽도 넘어섰다.비트코인 가격은 14일 오전 0시10분경 가상화폐(암호화폐) 거래소 업비트에서 900만원을 돌파했다. 오전 6시30분 기준 전일 대비 15.34% 상승한 942만원을 기록 중이다.글로벌 거래량도 전일 대비 12.66% 증가한 281억달러(24시간 기준)를 기록했으며 바이낸스 등 해외 거래소 가격도 8000달러(950만원)를 넘어섰다. 개장을 앞둔 백트(Bakkt)가 오는 7월 비트코인 선물거래를 시작한다고 밝히면서 비트코인 가격이 급등한 것으로 추정된다.백트는 뉴욕증권거래소(NYSE) 모회사 인터콘티넨탈익스체인지(ICE)가 만드는 선물거래소다. 결제를 비트코인으로 진행하는 실물인수도 방식으로 운영돼 비트코인 수요가 증가할 것이란 기대를 모았다.비트코인이 연일 강세를 보이자 향후 가격에 대한 전망도 쏟아지고 있다. 대표적 암호화폐 강세론자들인 마이크 노보그라츠는 ""비트코인이 황소장(불마켓)에 진입했다. 향후 18개월 동안 3배로 올라 2만달러에 이를 것""이라고 말했고 팀 드레이퍼도 ""비트코인 가격은 2023년 25만달러까지 오를 것”이라고 내다봤다.가격 상승이 제한적일 것이란 시각도 있다. 암호화폐 강세론자로 분류되는 톰 리 펀드스트랫 대표는 “역대 비트코인 초강세 흐름을 보면 대개 10일 안에 끝난다. 10일이 지나면 평균적으로 25% 하락하는 모습을 보여왔다""고 지적했다.
                            



사진=가상화폐(암호화폐) 거래소 업비트 갈무리

                        오세성 한경닷컴 기자 sesung@hankyung.com기사제보 및 보도자료 open@hankyung.com
"
11,https://www.hankyung.com/,2019. 5. 19.,비트코인 다시 950만원대 돌파...이번엔 1000만원 넘을까,https://www.hankyung.com/it/article/201905191301g,"가상화폐(암호화폐) 비트코인 시세가 폭락 하루만에 다시 950만원대를 회복했다. 암호화폐 거래소 업비트에 따르면 17일 고점대비 
12%가까이 ...",2019.05.19 14:39,한국 프리미엄 0%...과열 없이 해외 시세 따라가,"




사진=PIXABAY

                        가상화폐(암호화폐) 비트코인 시세가 폭락 하루만에 다시 950만원대를 회복했다.암호화폐 거래소 업비트에 따르면 17일 고점대비 12%가까이 하락하며 830만원대까지 주저앉은 비트코인 시세는 18일 10% 가량 급등해 일시적으로 920만원대를 터치한 데 이어 금일 오후 2시경 950만원대를 돌파했다. 19일 오후 2시 현재 비트코인 가격은 950만 2000원을 기록 중이다. 조정 구간을 벗어나 조금씩 회복되는 모양새다.해외발 호재가 영향을 미친 것으로 분석됐다. 17일(현지시간) 로이터 통신은 페이스북이 자사 서비스에 쓰일 암호화폐 발행을 위해 스위스 제네바에 ‘리브라 네트워크(Libra Networks LLC)’를 설립했다고 보도했다. 이같은 상승은 미국과 일본 자금이 주도하고 있는 것으로 확인됐다. 암호화폐 거래 통계사이트 코인힐스에 따르면 19일 전체 비트코인-법정화폐간 거래량 중 달러화가 54.31%, 엔화가 39.68%를 차지했다. 두 국가에서 전체 비트코인-법정화폐간 거래의 94%가 이뤄진 셈이다.한편 같은 시각 홍콩 거래소 비트파이넥스에 따르면 해외 비트코인 시세는 7958달러(약950만7000원)로 한국 프리미엄은 0%대를 유지 중이다. 과열 없이 차분하게 해외 비트코인 시세를 따라가고 있는 것으로 전해진다.김산하 한경닷컴 기자 sanha@hankyung.com기사제보 및 보도자료 open@hankyung.com
"
12,https://www.hankyung.com/,2019. 5. 4.,비트코인 연중 최고점 또 돌파... 700만원 고지 눈앞,https://www.hankyung.com/it/article/201905042615g,"페이스북 가상화폐 결제 시스템 구축 소식에 급등 김치프리미엄 -3%...해외 시세 못 쫒아가. 사진=PIXABAY. 대표 
가상화폐(암호화폐) 비트코인이 ...",2019.05.17 10:33,"페이스북 가상화폐 결제 시스템 구축 소식에 급등
김치프리미엄 -3%...해외 시세 못 쫒아가","




사진=PIXABAY

                        대표 가상화폐(암호화폐) 비트코인이 연중 최고점을 또다시 돌파했다.암호화폐 거래소 업비트에 따르면 4일 국내 비트코인 시세는 어제(3일) 연중 최고점인 656만원을 돌파한데 이어 금일 오전 674만원을 넘기며 재차 연중 최고점을 갱신하는 모양새다. 비트코인 시세는 4일 오후 12시 10분 현재 670만6000원을 기록 중이다.비트코인이 오르자 주요 암호화폐들의 시세도 덩달아 급등했다. 비트코인캐시는 전일대비 5.43%증가한 35만3500원, 이더리움은 19만3650원(+0.86%), 이오스는 5885원(+1.2%)에 거래되고 있다.전문가들은 ""지난 2일 일일 사용자만 15억명에 달하는 세계 최대 소셜네트워크서비스(SNS) 기업 페이스북이 암호화폐를 이용한 결제 시스템을 구축하겠다고 발표한 것이 시장에 큰 영향을 끼쳤다""고 분석했다. 한편 이 같은 상승에도 불구하고 국내 비트코인 시세는 해외 비트코인 시세에 비해 3%이상 낮은 가격을 기록하며 해외의 상승 속도를 따라가지 못하는 모습이다.특히 홍콩 기반 주요 암호화폐 거래소 비트파이넥스의 비트코인 시세는 4일 현재 6117달러(약 712만원)를 기록 하며 한국 비트코인 시세보다 6%이상 높은 시세에 거래되고 있다. 다른 해외 거래소들도 한국 비트코인 가격보다 2~3%이상 높은 가격을 유지 중인 것으로 확인됐다. 김산하 한경닷컴 기자 sanha@hankyung.com기사제보 및 보도자료 open@hankyung.com
"
13,https://www.hankyung.com/,2019. 5. 17.,"비트코인 급락 원인? ""세력이탈"" vs ""단기조정""",https://www.hankyung.com/it/article/201905177524g,"파죽지세로 상승해 전날(16일) 한때 1000만원을 눈앞에 뒀던 비트코인 가격이 17일 급락해 900만원선이 무너졌다. 940만원선에서 
보합세를 ...",2019.05.17 16:15,전문가들도 의견 엇갈려,"




사진=PIXABAY

                        파죽지세로 상승해 전날(16일) 한때 1000만원을 눈앞에 뒀던 비트코인 가격이 17일 급락해 900만원선이 무너졌다. 940만원선에서 보합세를 보이다가 이날 오전 11시경 내려가기 시작해 오후 12시10분경 약 840만원까지 떨어졌다. 오후 3시50분 현재 860만원대(이하 업비트 기준)를 기록 중이다.이같은 폭락 원인을 놓고 전문가 사이에서도 의견이 엇갈렸다.업계 관계자는 특정 세력 이탈에 따른 충격일 가능성이 있다고 의견을 냈다. 그는 ""비트코인이 급상승세를 타기 시작한 지난달 초쯤 해외 가상화폐(암호화폐) 거래소 코인베이스, 크라켄, 비트스탬프 등에서 동시에 7000BTC씩 총 2만BTC 상당의 매수 주문이 유입됐다""며 ""특정 세력이 비트코인을 대규모로 사고 팔면서 인위적 가격 조작을 했을 가능성이 있다""고 진단했다.이어 ""이번 폭락은 비트스탬프 거래소에서 누군가가 대규모 비트코인을 던지면서 시작된 것으로 추정된다. 시점과 거래소 등을 감안했을 때 특정 세력이 손을 댔다가 탈출했을 가능성이 있다""고 추정했다.OK그룹 쉬쿤 전략 부총괄은 SNS(소셜네트워크서비스)에 ""오늘 발생한 비트코인 급락은 일부 세력의 '설거지'""라고 썼다. 그는 ""현재 기술적 반등 구간에 진입했지만 조정 기간이 너무 짧으면 상승장에 유리하지 않다. 추가 하락기를 겪은 후 상승장 재진입을 기대한다""고 부연했다.반면 단순 조정으로 보인다는 의견도 제시됐다. 한 전문가는 ""지금까지 지나치게 급등했다. 한 달 조금 넘는 기간 거의 두 배 오르지 않았나. 단기적으로는 폭락으로 보일 수 있지만 장기적 관점에서 보면 100% 급등 후 10~20% 정도 조정이 온 것으로 해석할 수 있다""고 말했다.해외 암호화폐 전문매체 코인데스크는 ""비트코인 급락은 투자자들의 대규모 손실제한주문이 체결돼 연쇄적으로 '패닉셀'을 야기했기 때문""이라고 진단하기도 했다.또 다른 관계자는 ""업계조차 단기 가격 분석은 가급적 지양할 정도로 기존 주식시장과는 다른 변동성을 보이는 게 암호화폐 시장의 특성""이라며 섣부른 판단을 경계했다.유독 이달 들어 비트코인의 상승세가 가팔랐던 것은 매년 미국 뉴욕에서 열리는 세계 최대 암호화폐 행사 '컨센서스' 영향을 무시할 수 없다는 목소리도 흘러나온다.임현민 크로스앵글 리서치본부장은 ""2017년부터 매년 컨센서스 행사가 열릴 때마다 일시적 급등이 있었다""면서 ""컨센서스 행사 기간은 암호화폐 업계에서 가장 많은 뉴스가 나오는 시기다. 그러다 보니 투자자들의 기대감도 형성되기 마련이라 시세에도 영향을 주는 것으로 추측된다""고 풀이했다.임 본부장은 ""하지만 아무리 암호화폐 뉴스가 나온다고 해도 당장 현실이 변하는 것은 아니지 않나. 어제 컨센서스 행사가 끝나자 기대감으로 올라간 상승분이 빠지면서 하락으로 이어진 측면도 있을 것""이라고 짚었다.김산하 한경닷컴 기자 sanha@hankyung.com기사제보 및 보도자료 open@hankyung.com
"
14,https://www.hankyung.com/,2019. 5. 11.,"비트코인 800만원 돌파…""불마켓 왔다""",https://www.hankyung.com/it/article/201905114891g,"비트코인 가격이 800만원을 넘어섰다. 700만원을 돌파한지 이틀 만에 연중 최고점을 다시 갈아치웠다. 가상화폐(암호화폐) 거래소 
업비트에 따르면 ...",2019.05.17 10:33,"노보그란츠 ""비트코인 2만 달러 간다""","




비트코인 / 사진=게티이미지

                        비트코인 가격이 800만원을 넘어섰다. 700만원을 돌파한지 이틀 만에 연중 최고점을 다시 갈아치웠다.가상화폐(암호화폐) 거래소 업비트에 따르면 11일 오후 1시 40분경 비트코인 가격이 800만원을 넘어섰다. 오후 3시 30분 기준으로는 824만원를 기록하고 있다.해외 거래소 바이낸스의 해킹 소식에도 비트코인 가격이 하락하지 않았고 페이스북이 그간 금지했던 암호화폐 광고를 허용하기로 하는 등 긍정적인 소식에 시장이 반응했다는 평가다.9일(현지시간) 미국 라스베이거스에서 열린 솔트 컨퍼런스(SALT 2019)에 참석한 억만장자 투자자 마이크 노보그라츠는 ""비트코인이 불마켓에 진입했다. 불마켓에선 시장이 악재도 소화한다""며 ""향후 18개월 동안 3배로 올라 2만 달러에 이를 것""이라고 강조했다.해외 암호화폐 거래소보다 국내 암호화폐 거래소 비트코인 거래가격이 낮게 형성됐던 역 김치프리미엄 현상도 해소됐다. 오후 3시 30분 기준 홍콩 거래소 비트파이넥스에서 비트코인은 6887달러, 바이낸스에서 6868달러에 거래됐다. 이들 거래소보다 국내 암호화폐 거래소 가격이 1.5~2% 높게 형성됐다. 오세성 한경닷컴 기자 sesung@hankyung.com기사제보 및 보도자료 open@hankyung.com
"
15,https://www.hankyung.com/,2019. 5. 9.,해킹 악재에도 비트코인 700만원 돌파,https://www.hankyung.com/it/article/201905097032g,"비트코인 시세가 700만원을 돌파했다. 글로벌 거래량 1위 가상화폐(암호화폐) 거래소 바이낸스 해킹 악재에도 불구하고 연중 최고점을 
갈아치웠다.",2019.05.17 10:33,,"




사진=PIXABAY

                        비트코인 시세가 700만원을 돌파했다. 글로벌 거래량 1위 가상화폐(암호화폐) 거래소 바이낸스 해킹 악재에도 불구하고 연중 최고점을 갈아치웠다.암호화폐 거래소 업비트에 따르면 9일 오전 11시50분 기준 국내 비트코인 시세는 706만2000원을 기록했다. 전날(8일) 바이낸스에서 비트코인 7000개(약 480억원)가 해킹으로 탈취당하는 악재가 발생했지만 상승세를 유지했다.페이스북의 암호화폐 시장 진출 소식이 호재로 작용했다. 전문가들은 ""페이스북이 다음 분기 내 암호화폐를 출시한다는 블룸버그 보도와 함께 암호화폐 광고도 허용하겠다고 잇따라 발표한 게 시장에 긍정적 영향을 미쳤다""고 분석했다.이같은 상승세에도 국내 비트코인 시세는 해외 시세를 따라잡지 못하고 있다. 같은 시각 비트코인은 홍콩 거래소 비트파이넥스에서 6295.60달러(약 739만2000원), 바이낸스에서 6093.45달러(약 715만4000원)에 거래돼 국내 시세보다 1~4%가량 가격이 높았다.김산하 한경닷컴 기자 sanha@hankyung.com기사제보 및 보도자료 open@hankyung.com
"
16,https://www.hankyung.com/,2019. 5. 13.,비트코인 상승세에도 힘 못쓰는 '국산 암호화폐',https://www.hankyung.com/it/article/201905137747g,"국산 코인, 비트코인 상승분 추종지 못해 해외 알트코인 대비 가격 하락세 두드러져 안전자산 선호·규제리스크 적은 해외자산 선호. 
사진=게티이미지 ...",2019.05.13 13:01,"국산 코인, 비트코인 상승분 추종지 못해
해외 알트코인 대비 가격 하락세 두드러져
안전자산 선호·규제리스크 적은 해외자산 선호","




사진=게티이미지뱅크

                        비트코인(BTC) 시세가 최근 상승세를 이어가는 가운데 국산 가상화폐(암호화폐)들은 '알트코인(비트코인을 제외한 암호화폐) 랠리' 수혜를 누리지 못하고 있다.지난해 말 연중 최저점을 기록한 후 횡보하던 BTC 가격은 지난달을 기점으로 상승세를 탔다. 4월1일 466만원(이하 업비트 기준)에서 5월12일 한때 880만원까지 뛰었다.통상 BTC 가격이 상승하면 알트코인 가격도 따라 오르는 흐름을 보인다. 여러 암호화폐들의 기반이 된 이더리움(ETH)을 비롯해 비트코인캐시(BCH), 이오스(EOS) 등은 BTC와 동반해 가격이 상승한 뒤 상승분을 일부 반납하면서 BTC 가격을 추종하는 형국이다.EOS의 경우 4월1일 가격은 4755원이었고 BTC 상승과 함께 같은달 10일 6950원까지 상승한 후 점차 하락했다. 5월 들어선 1일 5535원을 기록했다가 이후 비트코인 가격 상승에 따라 재차 6700원을 넘어서기도 했다.다만 이러한 흐름에서 '김치 코인'(국내 기업이 개발한 암호화폐)은 상대적으로 소외되는 현상이 나타났다. 대표적 국산 암호화폐 아이콘(ICX) 보스코인(BOS) 에이치닥(HDAC) 등이 그렇다. BTC 가격 상승분을 추종하지 못하고 횡보하거나 지속 하락하는 모양새다.4월1일 401원으로 거래를 시작한 ICX는 300원 중후반대를 기록하고 있으며 HDAC는 62원으로 거래를 시작했으나 거듭 하락해 13일 기준 42원까지 떨어졌다. BOS도 지난해 말부터 가격이 반등 없이 지속 하락하는 추세. 에이치닥과 보스코인은 암호화폐 공개(ICO) 가격 대비로도 가격이 각각 약 95%, 77% 하락한 상태다.보스코인은 지난해 말 재단과 개발사의 분쟁이 표면으로 드러나며 프로젝트 지속 여부가 불투명해져 가격이 떨어진 것으로 풀이된다. 단 아이콘과 에이치닥은 BTC 가격 상승 수혜를 입지 못하고 하락한 원인이 명확하게 드러나지 않았다.아이콘 관계자는 “내부에서도 여러 분석이 분분해 의견이 통일되지 않고 있다”고 말했다. 에이치닥 관계자도 “관련해 분석하고 있지만 변수가 너무 많아 정확한 원인은 찾지 못했다”고 설명했다. 가격 변동을 설명할 수 있는 요인이 마땅치 않다는 의미다.국내 암호화폐 거래소 관계자는 “암호화폐 가격 상승과 하락에는 각각 100가지 이유가 있다고 할 만큼 분석이 어렵다”고 귀띔했다. 다만 이 관계자는 “각 프로젝트들이 로드맵을 충실히 이행하고 있는 만큼 어느 순간 국산 암호화폐 가격이 상승할 가능성도 없지 않다”고 덧붙였다.또 다른 업계 관계자는 암호화폐 시장 변동성이 커지며 안전 자산으로 분류되는 비트코인으로 자금이 몰렸을 가능성, 국내 규제 부재 장기화로 불확실성이 커진 탓에 비교적 규제가 확실하게 제시된 해외 암호화폐로 수요가 몰렸을 가능성 등도 있다고 설명했다.오세성 한경닷컴 기자 sesung@hankyung.com기사제보 및 보도자료 open@hankyung.com
"
17,https://www.hankyung.com/,2019. 5. 17.,"비트코인 급등에 ""빗썸·코인원 거래소 계좌 트자""",https://www.hankyung.com/it/article/201905175402g,"암호화폐 거래 관심 늘며 신규 계좌 개설 잇따라 시중은행 가운데 농협만 신규 가상계좌 지원. 서울 시내 NH농협은행 지점에 암호화폐 
거래 목적 ...",2019.05.17 18:47,"암호화폐 거래 관심 늘며 신규 계좌 개설 잇따라
시중은행 가운데 농협만 신규 가상계좌 지원","




서울 시내 NH농협은행 지점에 암호화폐 거래 목적으로 신규 입출금통장을 개설할 수 없다는 안내 현수막이 설치됐다.

                        ""이번주 신규 가입자가 부쩍 늘었습니다. 일과시간에 업무 중 짬을 내 창구를 찾는 직장인 고객들이 끊이지 않네요.""지난 16일 서울 도심에 위치한 NH농협은행 직원은 최근 가상화폐(암호화폐) 신규 계좌를 개설하려는 방문객이 눈에 띄게 증가했다며 이같이 말했다.비트코인 가격이 1000만원을 넘볼 정도로 오르면서 투자를 위해 암호화폐 거래소 계좌를 발급하는 수요가 늘어났기 때문이다. 지난 14일 급등해 900만원을 돌파한 비트코인 시세는 17일 오전 9시30분 기준 950만원대(업비트 기준)를 기록하고 있다.이 직원은 ""평소엔 일과시간 중에 고객이 뜸한 시간대가 있는데 이번주는 계속 방문해 거래소 계좌를 개설하는 고객들이 많았다""고 덧붙였다.NH농협은행을 찾는 이들이 늘어난 것은 농협은행이 신규 실명확인 가상계좌 발급이 유일하게 가능한 시중 은행이기 때문이다. 국내 암호화폐 거래소 빗썸, 코인원, 고팍스(벌집계좌) 등이 농협은행을 통해 계좌를 틀 수 있다.현재 시중은행과 실명 가상계좌 발급 계약을 체결한 거래소는 업비트, 빗썸, 코인원, 코빗 4곳 뿐이다. 코빗은 신한은행, 업비트는 IBK기업은행 실명확인 계좌를 사용하지만 이들 은행은 기존 가상계좌를 지원할 뿐, 신규 계좌는 발급하지 않는다. 새로 암호화폐 거래를 트려는 이들이 농협은행으로 몰리는 이유다.때문에 농협은행은 입구에 '가상통화(암호화폐) 거래는 금융거래 목적으로 인정하지 않는다'는 신규 입출금통장 개설 현수막을 내걸었다. 개별 고객에게도 ""가상통화 거래 목적으로는 신규 계좌를 신청할 수 없다""고 안내했다. 신규 개설 계좌를 암호화폐 거래에 사용하지 않겠다는 서약서에 서명도 받고 있다.하지만 실효성은 크지 않은 것으로 보인다. 암호화폐 거래를 위해 신규 계좌를 발급받았다는 30대 직장인 A씨는 ""암호화폐 거래 목적으로는 신규 개설이 안 된다기에 월급 관리용이라 말했더니 은행 직원이 건강보험공단에 조회해 직장을 확인하고는 바로 개설해줬다""고 말했다.서약서 서명 등 절차를 거치지 않는 경우도 있다. 30대 직장인 B씨는 ""군시절 발급 받고 10년 이상 미사용으로 휴면 상태가 된 계좌를 이번에 복구했다""며 ""신규 계좌나 마찬가지긴 하지만 은행에서 이용 목적을 물어보거나 서약서를 요구하지는 않았다""고 귀띔했다.
                            



암호화폐 거래소 코인원이 공식 블로그에 신규 계좌 개설 방법 안내문을 올렸다.

                        비트코인 급등을 계기로 거래소들도 '고객 모시기'에 분주하다. 코인원은 지난 15일 공식 블로그에 '코인원에서는 신규계좌 발급이 가능하다는데?' 제목의 글을 올려 농협은행을 통한 신규 계좌 개설 방법을 안내했다. 코빗은 신규 고객에게 비트코인 누적 거래액 1000만원까지는 거래 수수료를 받지 않기로 했다.오세성 한경닷컴 기자 sesung@hankyung.com기사제보 및 보도자료 open@hankyung.com
"
18,https://www.hankyung.com/,2019. 6. 4.,코스닥↓ 비트코인↑ 엇갈린 희비…정부는 '통제력 상실',https://www.hankyung.com/it/article/201906043909g,"미중 무역분쟁 직격탄에 코스닥·코스피 폭락 비트코인은 1000만원 안착하며 안정적인 흐름 글로벌 시장 주도권은 한국에서 미국으로. 서울 
중구 ...",2019.06.04 12:35,"미중 무역분쟁 직격탄에 코스닥·코스피 폭락
비트코인은 1000만원 안착하며 안정적인 흐름
글로벌 시장 주도권은 한국에서 미국으로","




서울 중구 KEB하나은행 딜링룸에서 직원들이 업무를 보고 있다. 사진=연합뉴스

                        코스닥 시장과 가상화폐(암호화폐) 시장의 희비가 엇갈리고 있다. 암호화폐 시장을 억제하고 코스닥에 활력을 더하겠다는 정부 기조도 무색해졌다.최근 불거진 미·중 무역분쟁으로 코스닥 지수는 지난 3일 697.50으로 장을 마쳤다. 그나마 전날 대비 1.03포인트 상승했지만 5개월 동안의 상승폭을 대부분 반납했다. 2017년 말과 비슷한 수준이 됐다.코스피 상황도 크게 다르지 않다. 같은날 2067.85로 장을 마감하며 올해 상승폭을 모두 반납했다. 역시 2017년 초와 비슷한 수준이다. 코스피가 추가 하락한다면 삼성전자·SK하이닉스·셀트리온 등 간판주에 대한 공매도가 쏟아질 수 있다는 우려도 제기된다.KTB투자증권은 “환율 급등이 맞물려 외인의 순매도 전환이 이뤄졌다”며 “외인의 코스닥 시장 이탈은 이제 시작 단계일 뿐”이라고 지적했다. 추가 지수 하락이 이뤄질 것이란 전망이다.이처럼 미중 무역분쟁 직격탄을 맞은 증권가에 비해 암호화폐 시장은 상대적으로 좋은 흐름을 가져가고 있다. 올 들어 회복세로 전환한 비트코인 가격은 1000만까지 올라섰다. 알트코인(비트코인을 제외한 암호화폐)들 역시 바닥을 다지고 상승 전환한 모양새다. 암호화폐 가격이 뛰자 정부는 우려를 표했다. 지난달 28일 국무조정실장 주재로 관계부처회의를 열어 “가상통화(암호화폐) 시장 상황을 면밀히 모니터링하고 투자자 피해가 발생하지 않도록 적극 대응하겠다”는 입장을 밝혔다.노형욱 국무조정실장은 “가상통화는 법정화폐가 아니며 어느 누구도 가치를 보장하지 않기 때문에 불법행위·투기적 수요, 국내외 규제환경 변화 등에 따라 가격이 대폭 변동해 손실이 발생할 수 있다”고 다시 한 번 경고장을 날렸다.
                            



사진=게티이미지

                        문제는 지금의 코스닥과 암호화폐 시장 상황이 정부 의도와는 다르게 흘러가고 있다는 점이다. 정부는 지난해 1월 암호화폐 시장을 억제하고 코스닥 시장 변동성을 높여 투자자를 유입시키는 골자의 코스닥 활성화 방안을 내놓았다. △코스닥 스케일업 펀드 조성 △시장 자율성 제고 △상장요건 완화 △크라우드펀딩 규제 완화 등의 조치가 포함됐다.블록체인·암호화폐 업계는 정부가 스스로 발등을 찍었다고 평가했다. 당시에는 글로벌 암호화폐 시장에서 한국이 주도적 위치에 있었다. 하지만 정부가 암호화폐를 강력 규제하면서 영향력을 잃다시피 했고, 따라서 지금 한국 정부의 조치나 발언은 별다른 영향력이 없다는 얘기다.한 업계 관계자는 “2018년 1월에는 한국 시장이 세계 시장의 암호화폐 가격을 결정했다. 그렇기에 박상기 법무부 장관의 암호화폐 거래소 폐쇄 발언이 글로벌 시장을 냉각시키는 트리거(방아쇠) 역할을 할 수 있었던 것”이라고 짚었다.이어 “2018년 한 해 동안 블록체인 기업은 법인 계좌를 발급받지 못했고 해외 송금 등도 금지됐다. 암호화폐 개인투자자의 실명확인 가상계좌 발급 역시 대부분 막혔다”며 “그러면서 한국 시장의 영향력은 대부분 사라졌다. 이제 시장에 영향력을 갖는 주체는 미국 정부와 기업, 중국계 암호화폐 거래소, 일본 정부 등으로 재편됐다”고 평가했다.또 다른 관계자는 “최근 비트코인 가격이 정체되고 알트코인 가격이 급등하는 ‘알트코인 랠리’ 조짐이 보인다. 투기성 우려가 제기되는 대목”이라면서도 “종전이라면 정부가 개입해 이를 억제할 수 있었겠지만 지금은 사실상 미·일 시장에서 가격이 결정되므로 한국이 개입할 수 있는 여지가 거의 없다”고 진단했다.오세성 한경닷컴 기자 sesung@hankyung.com기사제보 및 보도자료 open@hankyung.com
"
19,https://www.hankyung.com/,2019. 5. 15.,비트코인 불붙자…신생 가상화폐 '완판 행진',https://www.hankyung.com/it/article/2019051595531,"마이크레딧체인 개발 가상화폐 5분 만에 200만개 팔려 거래소엔 신규 상장 늘어. 국내 가상화폐 시장에 불이 붙었다. 마이크레딧체인이 
개발한 가상 ...",2019.05.17 10:31,"마이크레딧체인 개발 가상화폐
5분 만에 200만개 팔려
거래소엔 신규 상장 늘어","
								국내 가상화폐 시장에 불이 붙었다. 마이크레딧체인이 개발한 가상화폐 200만 개가 5분 만에 ‘완판’되는 등 투자 심리가 되살아나고 있다. 400만원대까지 추락했던 비트코인이 1000만원대 진입을 노릴 정도로 급등하면서 시장 분위기가 확 바뀌었다는 분석이다.






                            15일 가상화폐거래소 픽코에 따르면 국내 핀테크(금융기술) 업체 마이크레딧체인이 개발한 가상화폐 400만 개가 이틀 만에 전부 소진됐다. 14일 진행한 1차 판매 물량 200만 개는 5분 만에, 이날 진행한 2차 판매 물량 200만 개는 50분 만에 모두 팔려나갔다. 개당 가격은 1차 기준 10원, 2차 기준 20원이었다.픽코가 진행한 것은 가상화폐공개(ICO)의 일종인 거래소공개(IEO)다. 가상화폐에 대한 자체 검증을 마친 가상화폐거래소가 일정 물량을 독점 상장한 후 대신 판매하는 것이다. 국내에서 개인을 대상으로 한 각종 ICO가 금지되면서 가상화폐업계가 대안으로 선택한 방식이다.마이크레딧체인은 17일까지 판매를 이어간다. 가상화폐업계 관계자는 “가상화폐 시장이 되살아나면서 신생 가상화폐들의 매진 사례가 보고되고 있다”고 전했다.국내 가상화폐거래소들도 발 빠르게 움직이고 있다. 업비트는 지난달부터 최근까지 원화마켓과 BTC(비트코인)마켓을 통틀어 아르고, 썬더토큰, 펀디엑스, 베리블록 등 10개 가상화폐를 신규 상장했다. 빗썸 역시 같은 기간 오브스, 밸러토큰 등 5개를 새롭게 등록했다. 물이 들어올 때 노를 젓겠다는 심리다.전문가들은 시장 분위기가 호전된 것은 맞지만 세계 시장을 주도하던 2~3년 전과 비교할 수준은 아니라고 설명한다. 현재 전 세계 가상화폐 시장에서 원화 거래가 차지하는 비중은 3.17%에 불과하다. 세계 거래소 거래량 순위도 예전 같지 않다. 한국을 대표하는 업비트와 빗썸이 각각 20위, 21위를 기록 중이다. 1~2위를 다퉜던 지난해 초와 비교할 수준이 못된다는 설명이다.윤희은 기자 soul@hankyung.com
								"
20,https://www.hankyung.com/,2019. 5. 19.,"비트코인, 1000만원대 회복 앞두고…10% 이상 '와르르'",https://www.hankyung.com/economy/article/2019051909081,"비트코인이 또 한 번 급등세를 보이면서 지난주 한때 900만원대 후반까지 올랐다. 하지만 이틀 만에 10% 이상 뒷걸음질하면서 
'1000만원대 회복' ...",2019.05.19 15:39,"가상화폐 주간 시황 분석

""개인 아닌 기관이 상승 주도""","
								비트코인이 또 한 번 급등세를 보이면서 지난주 한때 900만원대 후반까지 올랐다. 하지만 이틀 만에 10% 이상 뒷걸음질하면서 ‘1000만원대 회복’에는 실패했다.업비트에 따르면 비트코인의 국내 시세는 지난 13일 920만원대에서 15일 960만원대로 상승해 올 들어 최고치를 기록했다. 하지만 이후 기세가 꺾이면서 17일 오후에는 800만원대 중반으로 주저앉았다. 이더리움도 지난주 30만원대 초반까지 올라섰다가 소폭 하락했다.
                            





                        가상화폐업계 안팎에선 비트코인의 급등 원인을 놓고 의견이 분분했다. 미·중 무역분쟁이 극한으로 치닫는 와중에 대안 투자처를 찾는 심리와 해외 유명 기업의 잇단 가상화폐 투자 소식 등이 호재로 작용했다는 주장이 나왔다. 올 4월 말 600만원 선이던 비트코인 가격은 이달 9일 700만원대, 11일 800만원대를 넘어섰다.경제매체 쿼츠는 “이번 비트코인 가격 상승은 2017년과는 다르다”고 분석했다. 이 매체는 “당시에는 일반인 사이에서 투자 광풍이 불었지만, 최근에는 기관투자가의 간접투자 징후가 뚜렷하고 일반인의 투자 열기와는 거리가 있다”고 지적했다. CNN은 “시장 구조는 예전과 달라진 것이 없는데 가격이 상승한다면 가격 조작이 개입됐다고 해도 놀라운 일이 아니다”는 존 그리핀 텍사스대 교수의 발언을 보도했다. 그리핀 교수는 2년 전 비트코인 폭등기에 가격 조작이 이뤄졌다고 주장하는 논문을 발표한 적이 있다.정부는 국내에서 2년 전과 같은 ‘코인 투기 광풍’이 재현될 가능성은 아직 크지 않다고 보고 있다. 금융위원회 관계자는 “2017년 폭등장에서는 국내 시장이 유독 과열돼 ‘김치 프리미엄’이 높게 붙었지만 지금은 국내와 해외 가격이 비슷하게 움직이고 있다”며 “가상화폐에 대한 정부의 입장은 달라진 것이 없고, 개입할 계획도 없다”고 말했다.임현우 기자 tardis@hankyung.com
								"
21,https://www.hankyung.com/,2019. 5. 22.,죽어가던 비트코인의 '부활'…뭣이 중헌디?,https://www.hankyung.com/economy/article/201905221172g,"""20·30대 젊은 층을 중심으로 한 가상화폐 투자열기가 이상 과열로 치닫고 있다. 직장과 학교에서 종일 컴퓨터 화면 속 호가창만 
들여다보는 '코인 ...",2019.05.22 15:44,,"




비트코인 / 사진=게티이미지뱅크 

""20·30대 젊은 층을 중심으로 한 가상화폐 투자열기가 이상 과열로 치닫고 있다. 직장과 학교에서 종일 컴퓨터 화면 속 호가창만 들여다보는 ‘코인 좀비’가 속출하고 있다.29일 가상화폐업계에 따르면 올 들어 약 200만 명(중복 계산)의 신규 투자자가 가상화폐시장에 진입했다. 국내 최대 가상화폐 거래소 빗썸의 회원만 134만 명으로 연초(33만 명)보다 100만 명 이상 늘었다.외형 증가보다 더 주목받는 대목이 중독에 가까울 정도로 ‘올인’ 투자하는 위험천만한 사례가 급증하고 있다는 점이다. 주요 소셜네트워크서비스(SNS)는 하루에 수천만원을 벌었다는 ‘인증 글’로 도배되고 있다. 부유층 자녀 사이에선 ‘비트코인 용돈벌이’가 연초부터 유행 중이고, 이른바 ‘흙수저’들도 ‘코인이 답’이라며 빚을 내 뛰어드는 양상이다.""한국경제신문 2017년 11월 30일자 <직장인도 학생도 '비트코인 좀비'> 기사 일부이다. 이같은 현상은 2017년초 100만원을 밑돌던 비트코인 가격이 같은해 11월 1000만원을 넘어설 정도로 급등했기 때문에 발생했다. 너나 할 것 없이 비트코인 열풍에 뛰어들면서 2018년 1월초 비트코인 가격은 2000만원을 넘어서 2885만8500원(업비트 기준)까지 올랐다.그러나 산이 높으면 골은 깊기 마련이다. 이후 비트코인 가격은 꾸준하게 떨어지면서 지난해말 400만원이 무너지기도 했다. 최고점과 비교하면 90% 가까이 급락한 것이다. 뒤늦게 비트코인 투자에 나섰던 투자자들은 큰 손실을 맛 봐야 했다.반전은 올해 2월부터 시작됐다. 1년 이상 조정을 받았던 비트코인 가격은 지난 2월 400만원대를 회복한 이후 두 달여만에 두 배 이상 오르며 1000만원에 바짝 다가섰다. 이후 등락을 보이고 있지만 950만원 부근에 머물고 있다.
                            



비트코인 시세 / 업비트 화면 캡쳐

                        비트코인이 부활할 수 있었던 이유는 뭘까. 자산시장에 큰 악재로 작용하고 있는 미국과 중국의 무역전쟁이 비트코인에는 호재로 작용한 것으로 보인다. 갈 곳 잃은 유동성이 미중 무역전쟁 심화되면서 이와 큰 연관이 없는 비트코인으로 유입됐다는 분석이 나온다.베네수엘라, 아르헨티나, 이란 등 일부 신흥국들의 정치 불확실성이 고조된 점도 비트코인으로 자금이 몰리게 한 요인으로 꼽힌다. 김윤서 신한금융투자 연구원은 ""극도의 정치 불확실성과 하이퍼인플레이션에 직면한 국가의 화폐는 비트코인보다 훨씬 더 위험하다""며 ""안전 vs 위험자산 기준은 투자자가 처한 위험의 크기에 따라 달라지는데, 베네수엘라나 아르헨티나 국민들에게 비트코인은 볼리바르나 페소보다 안전한 자산""이라고 설명했다.최근 비트코인 거래량이 급증한 우리나라도 미중 무역전쟁에 따른 위안화 추가 절하와 리디노미네이션에 대한 우려가 영향을 미친 것으로 보인다.미국에서는 기관 자금 유입에 대한 기대감에 비트코인 거래가 유의미하게 늘고 있다는 점도 주목된다. 뉴욕증권거래소의 모회사인 ICE가 추진하는 가상화폐 거래 플랫폼 백트(Bakkt)는 오는 7월 실물 인수 방식의 선물 거래 테스트를 처음으로 시작한다. 그동안 기관 자금 유입의 걸림돌이던 실물자산 보관의 안정성(투명성), 투자자 보호를 동시에 충족시킬 수 있는 대안이라는 평가다.김 연구원은 ""이 서비스가 정식으로 출범하면 SEC(미국증권거래위원회)의 암호화폐 ETF 승인 가능성도 매우 높아진다""며 ""본격적인 기관 자금 유입 트리거가 될만한 대형 호재""라고 판단했다.비트코인 등 가상화폐에 대한 관심이 다시 늘고 있어, 풍부한 유동성에 따른 수혜가 이어질 수도 있다. 어떤 자산이든 가격 급등세가 이어질 때는 끝없이 오를 것만 같은 착각이 들게 마련이다. 뒤늦게 묻지마 투자에 뛰어들게 되는 이유다. 2017년 비트코인이 그랬다. 아직까지 비트코인 가격이 당시와 같은 모양새를 나타내지 않고 있지만 다시 급등한다고 해도 지난해 비트코인 가격이 90% 가까이 급락했었다는 점은 잊지 말아야 한다.정형석 한경닷컴 기자 chs8790@hankyung.com기사제보 및 보도자료 open@hankyung.com
"
22,https://www.hankyung.com/,2019. 5. 26.,비트코인 '1000만원 벽' 못 넘고 900만원대 횡보,https://www.hankyung.com/economy/article/2019052644591,"급격한 상승세를 보이던 비트코인 가격이 다시 주춤해졌다. '1000만원의 벽'을 넘지 못하고 조정 국면에 들어간 모습이다. 업비트에 
따르면 비트코인 ...",2019.05.26 15:41,"가상화폐 주간 시황 분석

이더리움·라이트코인 등도 약세","
								급격한 상승세를 보이던 비트코인 가격이 다시 주춤해졌다. ‘1000만원의 벽’을 넘지 못하고 조정 국면에 들어간 모습이다.업비트에 따르면 비트코인의 국내 시세는 지난 19일 970만원대로 출발했으나 차츰 하락하면서 24일 오후 930만원대를 기록했다. 같은 기간 이더리움, 비트코인캐시, 라이트코인 등의 가격도 1만~2만원가량 하락했다.
                            





                        이른바 ‘가상화폐 전문가’로 꼽히는 블록체인업계 인사 사이에선 가격 움직임에 관해 다양한 전망이 나오고 있다. 베리 실버트 디지털커런시그룹 최고경영자(CEO)는 블룸버그와의 인터뷰에서 “가상화폐 시장의 기술력이나 투자자 사이의 분위기가 좋아 앞으로 더 치고 올라갈 수 있다”며 “이번 상승은 과거 버블과 달리 변화된 시장 환경 때문”이라고 말했다.반면 경제학자인 알렉스 크루거는 “비트코인이 급락한 것은 소수의 집단에 의한 것”이라며 “가상화폐가 미·중 무역전쟁으로 흔들리는 글로벌 증시에 대한 헤지 수단이 될 수 없다는 것을 입증한다”고 꼬집었다.한동안 ‘혹한기’를 보낸 국내 가상화폐거래소들은 상승장에서 다소 활력을 회복한 모습이다. 한 거래소 관계자는 “비트코인 가격이 오르면서 잠자고 있던 개인투자자들의 계좌가 많이 깨어났다”며 “하락장에 묵혀뒀던 코인의 시세를 확인하는 가입자가 몰리는 등 움직임이 분주해졌다”고 말했다.임현우 기자 tardis@hankyung.com
								"
23,https://www.hankyung.com/,2019. 5. 20.,'비트코인 10년' 악용 우려 현실로…마약·협박범죄에 단골 등장,https://www.hankyung.com/economy/article/201905202311Y,"비트코인 마약구매 잇따라 적발…한국교민 납치범도 암호화폐 요구 전문가 ""범죄악용 막기 쉽지 않아…통제장치 필요"". 사진=연합뉴스. 
정부의 개입 ...",2019.05.20 07:34,,"
비트코인 마약구매 잇따라 적발…한국교민 납치범도 암호화폐 요구전문가 ""범죄악용 막기 쉽지 않아…통제장치 필요""




사진=연합뉴스

                        정부의 개입 없이 개인 간 거래가 가능한 암호(가상)화폐 비트코인이 세상에 나온 지 10년이 지났다.익명성을 강조하는 암호화폐의 특성상 범죄에 악용될 수 있다는 초기 우려가 현실화하고 있다.2009년 개발돼 최근까지 급등락을 반복한 비트코인은 익명으로 거래된다는 점 때문에 '검은 돈'으로 활용될 것이라는 우려가 꾸준히 제기됐다.마약 구매에 비트코인이 활용되고, 납치·협박범들이 비트코인을 요구하는 사례도 잇따른다.이런 내용은 국내의 여러 판결과 수사를 통해서도 사실로 확인된다.20일 법조계에 따르면 서울서부지법 형사합의11부(조병구 부장판사)는 마약류 관리에 관한 법률 위반(대마) 혐의로 기소된 이모(37)씨에게 징역 1년에 집행유예 2년을 선고했다.이씨는 2016년부터 2018년까지 인터넷에서 68회에 걸쳐 한화 2천637만원 상당의 비트코인으로 대마 약 227ｇ을 산 뒤 흡연한 혐의로 재판에 넘겨졌다.재판부는 ""오랜 기간 수십차례에 걸쳐 많은 양의 대마를 구매하고 투약한 점 등 죄질이 가볍지 않다""고 양형 이유를 밝혔다.아울러 2천637만원가량의 추징도 명령했다.재판부는 재판 당시 비트코인의 가격이 아니라 매수 당시의 가치를 기준으로 추징금을 산정했다.앞서 울산지법에서도 22만7천원 상당의 비트코인으로 향정신성의약품을 주문한 혐의로 기소된 A(31)씨에게 징역 3년에 집행유예 4년을 선고한 바 있다.부산지법은 비트코인으로 마약류를 해외에서 구매한 B(24)씨에게 징역 5년을 선고했다.최근 마약 투약 혐의로 구속기소 된 SK와 현대그룹 3세들에게 마약을 공급한 공급책 역시 비트코인으로 마약을 구매한 것으로 조사됐다.
                            





                        지난달에는 필리핀에서 우리나라 교민을 납치해 가족에게 1만7천달러(약 2천만원) 상당의 비트코인을 뜯어낸 교민 C씨가 현지에서 체포되기도 했다.또 지난 15일에는 인천국제공항공사·한국공항공사 고객의 소리 게시판에 '비트코인을 입금하지 않으면 공항에 독가스를 살포하겠다'는 영문 게시글이 올라와 경찰이 수사에 착수하는 일도 있었다.이처럼 비트코인을 악용한 범죄가 잇따라 발생하면서 비트코인의 악용 가능성에 대한 경고와 함께 통제장치의 필요성을 제기하는 목소리가 강하게 나온다.지난달 서울에서 열린 제2회 분산경제포럼에 참석한 누비엘 루비니 미국 뉴욕대 교수는 ""범죄자나 탈세자만 익명을 선호한다""며 ""암호화폐가 다음 세대의 '스위스 은행'이 되면 안 된다""고 말했다.그는 ""어떤 나라에서도 범죄 활동을 소탕해야 하기에 익명성을 가진 암호화폐를 허용할 수 없다""며 ""사회질서의 문제""라고 강조했다.정완 경희대 법학전문대학원 교수는 ""범죄자들이 추적이 쉽게 안 되는 비트코인을 요구하는 것을 막을 수 있는 방법은 사실상 없다""면서 ""국가가 개인의 비트코인 거래를 관리하기는 쉽지 않다""고 지적했다.정 교수는 ""국내가 아닌 해외거래소를 통해 거래가 이뤄진다면 더욱더 추적하기 쉽지 않다""면서 ""범죄 혐의점이 있을 때 수사기관이 거래 내역을 볼 수 있도록 글로벌 시스템을 만드는 것이 필요하다""고 말했다./연합뉴스
								"
24,https://www.hankyung.com/,2019. 5. 14.,"만우절 거짓말처럼 시작된 비트코인 상승세 ""이번엔 다르다""",https://www.hankyung.com/economy/article/201905141809g,"가상화폐(암호화폐) 대장주 비트코인 시세가 폭등하고 있다. 지난달 2일(이하 한국시간) 소위 '만우절 가짜뉴스' 논란을 빚은 이후 
거짓말처럼 ...",2019.05.17 10:33,,"




사진=게티이미지뱅크 

                            가상화폐(암호화폐) 대장주 비트코인 시세가 폭등하고 있다. 지난달 2일(이하 한국시간) 소위 ‘만우절 가짜뉴스’ 논란을 빚은 이후 거짓말처럼 상승세가 시작됐다.비트코인 가격(이하 업비트 기준)은 14일 오전 0시10분경 900만원대로 올라섰다. 오전 8시20분 현재 24시간 전보다 약 11% 상승한 910만원 내외를 기록하고 있다. 올 초 한때 300만원대까지 떨어졌던 비트코인은 이달 들어 700만원을 뚫었다. 이어 800만원을 넘긴 지 사흘 만에 900만원까지 돌파하며 연중 최고점을 거듭 경신했다.의외의 분기점은 지난달 초 “비트코인 상장지수펀드(ETF)가 미국 증권거래위원회(SEC)의 상장 승인을 받았다”는 한 미국 매체 보도였다. 비트코인 ETF 승인은 암호화폐 시장의 호재로 분류된다. 사실무근의 만우절 뉴스여서 곧 가격이 떨어질 것이란 전망이 많았지만 한 번 흐름을 탄 비트코인 시세는 이후 꾸준한 상승세를 탔다.특히 이번 비트코인 급등은 종전 흐름과도 구분된다는 의견이 나왔다.한 암호화폐 컨설팅 업체 관계자는 “만우절 당시 비트코인 가격 상승을 뜯어보면 서구권은 움직이지 않고 주로 중국발 상승이 견인한 것이었다”면서 “세부 분석이 필요하지만 이번 상승은 급등 시간대를 감안해도 그때와 달리 미국 등 서구권이 주도한 것으로 추정된다”고 말했다.최근 페이스북·피델리티·스타벅스 등 글로벌 기업들의 암호화폐 관련 비즈니스 진출이 이어진 게 컸다. 암호화폐 시장 신뢰도를 높이며 상승세 기반을 다졌고, 개별 호재가 터지면 가격이 튀어오르는 추세. 상승장에 들어서자 암호화폐 투자자들의 ‘FOMO(Fear of Missing Out: 소외 공포)’가 형성된 것도 한 요인이다.이와 별개로 미·중 무역 갈등으로 투자업계 불확실성이 증가하면서 암호화폐 투자로 자금이 유입된 영향이란 분석이 제기됐다.단 여전히 암호화폐 전체 시가총액, 거래량 등 시장 규모가 작아 기관투자자 등 몇몇 고래(거물)의 움직임에 출렁일 수 있어 지나친 장밋빛 전망은 금물이란 경계의 목소리도 흘러나온다. 김봉구 한경닷컴 기자 kbk9@hankyung.com기사제보 및 보도자료 open@hankyung.com
"
25,https://www.hankyung.com/,2019. 5. 12.,"거래소 해킹에도 '페북 진출설' 호재, 비트코인 700만원·이더리움 20만원 회복",https://www.hankyung.com/economy/article/2019051257331,"비트코인 가격이 상승세를 이어가면서 연중 최고치를 갈아치웠다. 대형 가상화폐거래소의 해킹 사건이라는 악재가 터졌음에도 700만원대를 
회복 ...",2019.05.17 10:32,가상화폐 주간 시황 분석,"
								비트코인 가격이 상승세를 이어가면서 연중 최고치를 갈아치웠다. 대형 가상화폐거래소의 해킹 사건이라는 악재가 터졌음에도 700만원대를 회복했다.국내 가상화폐거래소에서 ‘대장주’ 비트코인 값은 지난 6일 660만원대에서 출발해 9일 720만원대, 10일에는 730만원대를 기록했다. 이더리움 가격도 올라 10일 20만원대에 안착했다.
                            





                        업계 관계자들은 해외 유명 기업들의 가상화폐 시장 진출 소식이 호재로 작용했다고 분석했다. 월스트리트저널 등은 페이스북이 ‘리브라 프로젝트’라는 이름으로 페이스북, 인스타그램, 왓츠앱 등에서 쓸 수 있는 가상화폐 서비스를 준비 중이라고 보도했다. 페이스북은 또 블록체인 관련 광고 노출을 허용하기로 했다고 발표했다.블룸버그통신 등은 미국 자산운용사 피델리티인베스트먼트가 기관투자가 대상의 비트코인 거래 서비스를 내놓을 예정이라고 전했다. 기관투자가가 시장에 참여하면 가상화폐가 ‘정상적인 디지털 자산’으로 가치를 인정받게 될 것이란 기대가 높아졌다는 분석이다.비트코인 ‘만우절 가짜뉴스 소동’ 이후 꾸준히 오르고 있다. 하지만 해킹 사건이 잇따르면서 투자자들의 불안도 높아지고 있다. 지난주 세계 최대 규모 거래소인 바이낸스가 해킹 공격으로 480억원어치의 비트코인을 탈취당한 사실이 드러났다. 호재와 악재가 뒤섞이면서 “가상화폐 시장이 불 마켓(상승장)에 들어섰다”는 주장과 “또 한 번 버블(거품)이 시작됐다”는 비판이 팽팽히 맞서고 있다.임현우 기자 tardis@hankyung.com
								"
26,https://www.hankyung.com/,2019. 6. 4.,"""비트코인은 사기""라던 글로벌銀…가상화폐 발행 열풍",https://www.hankyung.com/economy/article/201906046422i,"무역전쟁 불안에 투자 대안 부상. UBS 컨소시엄, 자체 코인 준비. JP모간도 수개월 내 발행 추진. JP모간, UBS 등 글로벌 
투자은행(IB)들이 가상화폐 ...",2019.06.05 01:49,"무역전쟁 불안에 투자 대안 부상
UBS 컨소시엄, 자체 코인 준비
JP모간도 수개월 내 발행 추진","
								JP모간, UBS 등 글로벌 투자은행(IB)들이 가상화폐 발행과 투자에 적극적으로 뛰어들고 있다. 신중했던 가상화폐에 대한 기존 태도를 180도 바꾸고 있다. 가상화폐 발행의 기반이 되는 블록체인(공공거래장부) 기술이 충분히 현실화할 수 있다는 긍정론이 퍼진 것이 영향을 미쳤다. 미·중 무역전쟁이 격화하는 가운데 가상화폐가 안전한 투자 대안으로 부각되고 있는 것도 시장 선점에 나선 이유로 풀이된다.
                            






                        4일(현지시간) 파이낸셜타임스(FT)는 스위스계 글로벌 IB인 UBS를 주축으로 한 대형 컨소시엄이 내년 자체 가상화폐인 ‘유틸리티 세틀먼트 코인(USC)’을 발행할 계획이라고 전했다.‘USC 프로젝트’로 이름 붙여진 이 계획에는 스페인 산탄데르, 스위스 크레디트스위스(CS), 영국 바클레이즈, 홍콩 HSBC, 독일 도이체방크, 미국 멜론은행 등 세계적인 은행이 대거 참여한다.FT는 “글로벌 은행들은 2015년부터 이 프로젝트를 진행해왔다”며 “이들이 발행한 가상화폐를 이용하면 국가 간 결제 등에서 복잡한 거래 과정과 비용을 크게 줄일 것으로 기대하고 있다”고 보도했다.다른 대형 은행들도 서둘러 가상화폐 발행에 나서고 있다. 가상화폐 ‘JPM코인’ 발행을 추진하고 있는 미국 최대 IB인 JP모간이 대표적이다. JP모간은 지난 3월 미국 대형 은행 가운데 최초로 가상화폐 JPM코인을 수개월 내 발행할 계획이라고 발표했다. 미국 달러화와 1 대 1로 교환하는 방식이다. JP모간 기업 고객의 국가 간 결제와 증권거래 등에만 사용된다. 모든 거래에 사용될 수 있는 비트코인과 다른 점이다.JP모간은 2017년 9월 비트코인 투자 붐이 일어나자 제이미 다이먼 JP모간 회장이 “비트코인은 사기”라고 할 정도로 가상화폐에 부정적이었다. 하지만 직접 발행을 추진할 만큼 호의적으로 바뀌었다.일본 미즈호은행도 3월 가상화폐 ‘J코인’을 발행했다. 글로벌 IB 골드만삭스는 서클(디지털자산 플랫폼), 빗고(가상화폐 지갑), 빔(비트코인 결제 및 송금) 등 가상화폐 관련 기업에 투자하면서 관련 연구를 하고 있다. 피델리티그룹은 자회사인 피델리티디지털애셋을 통해 3월부터 가상화폐를 보관하고 관리하는 수탁서비스를 제공하고 있다.심은지 기자 summit@hankyung.com
								"
27,https://www.hankyung.com/,2019. 5. 14.,비트코인 연중 최고가…다시 들썩이는 가상화폐株,https://www.hankyung.com/finance/article/2019051448941,비트코인 등 주요 가상화폐가 최근 급등하면서 증시에서도 가상화폐 관련주가 들썩이고 있다. 비트코인 연중 최고가…다시 들썩이는 가상화폐株.,2019.05.17 10:31,"SCI평가정보·비덴트 등 급등 
""변동성 커 투자에 유의해야""","
								비트코인 등 주요 가상화폐가 최근 급등하면서 증시에서도 가상화폐 관련주가 들썩이고 있다.






                            14일 코스닥시장에서 SCI평가정보(2,685 +1.70%)는 410원(14.86%) 오른 3170원에 마감했다. 전날 가격 제한폭(29.88%)까지 오른 데 이어 이틀 연속 급등세다. SCI평가정보는 가상화폐 거래소 에스코인의 지분 100%를 보유한 회사다.이날 비덴트(6,620 -1.93%)(상승률 7.22%) 우리기술투자(2,570  0.00%)(6.97%) 옴니텔(1,705 +1.79%)(5.70%) SBI인베스트먼트(617 +0.49%)(4.57%) 등 다른 가상화폐 관련주도 대거 상승했다. 비덴트는 국내 최대 가상화폐 거래소 빗썸의 운영사인 비티씨코리아닷컴 지분을 갖고 있다. 우리기술투자 역시 가상화폐 거래소 업비트 운영사 두나무의 일부 지분을 보유 중이다. 일본 SBI인베스트먼트는 거래소 코인원을 보유한 데일리금융그룹에 투자했다.비트코인을 비롯한 주요 가상화폐가 최근 가파른 오름세를 보이며 관련 종목에 투자자가 몰리고 있다는 분석이다. 올초만 해도 300만~400만원대에서 거래되던 비트코인은 이날 900만원을 넘기며 연중 최고가를 기록했다.가상화폐 가치가 상승하는 추세에 발맞춰 거래량도 증가해 가상화폐 거래소 수익이 늘 것이란 관측이 나온다. 비티씨코리아닷컴은 2017년 가상화폐 열풍이 불었을 때 5349억원 순이익을 냈다. 그러나 작년엔 주요 가상화폐가 폭락하면서 적자전환(-2055억원)했다.가상화폐의 가치 상승은 해외 증시에 상장된 금융투자상품에도 영향을 주고 있다. 비트코인 가격을 추종하는 상장지수증권(ETN)인 ‘비트코인 트래커 원’은 연초 이후 126.9% 수익률을 냈다. 2015년 스웨덴 증시에 상장된 ETN이다.가상화폐 관련주의 변동성이 워낙 커 섣부른 추종 매매는 피해야 한다는 게 전문가들의 견해다. 단순히 거래소 운영업체와 지분관계가 있어 수혜주로 언급되는 일이 많은 데다 적자 상태인 기업도 상당수이기 때문이다. 한국거래소 관계자는 “2017년과 같이 급등 테마주가 속출하면 집중 모니터링에 들어갈 계획”이라고 말했다.김동현 기자 3code@hankyung.com
								"
28,https://www.hankyung.com/,2019. 6. 25.,"비트코인에 투자, 페이스북 코인으로 결제하는 세상 온다",https://www.hankyung.com/it/article/201906256276g,"'24억' 페이스북 이용자, 은행계좌 없이 송금·결제 전세계 금융당국 '초긴장'…BIS 경고성 보고서 발표. 사진=PIXABAY. 세계 
최대 SNS(소셜 ...",2019.06.25 15:38,"'24억' 페이스북 이용자, 은행계좌 없이 송금·결제
전세계 금융당국 '초긴장'…BIS 경고성 보고서 발표","




사진=PIXABAY

                        세계 최대 SNS(소셜네트워크서비스) 기업 페이스북의 가상화폐(암호화폐) 프로젝트 '리브라(Libra)'가 모습을 드러냈다. 리브라 코인이 상용화되면 약 24억명에 달하는 페이스북 이용자들이 은행계좌 없이도 전 세계 어디에서든 송금·결제가 가능해진다.금융계좌를 개설하지 않은 전세계 17억 인구도 리브라의 잠재 고객이다. 페이스북 애플리케이션(앱·응용프로그램)에 암호화폐 지갑이 설치되면 페이스북 계정이 있는 사용자 누구나 암호화폐로 금융계좌나 별도 인프라 없이도 금융서비스를 이용할 수 있기 때문이다.앞으로 '비트코인에 투자하고 페이스북 코인으로 환전해 결제하는' 암호화폐 경제 순환 구조의 출발점이 될 것이란 전망도 나온다.◆ 24억 페이스북 이용자가 쓴다빠르면 내년 상반기 출시될 리브라 코인은 미국 달러화, 일본 엔화, 유로화, 영국 파운드화 등 법정화폐 기반으로 한 스테이블 코인(변동성이 거의 없는 암호화폐)이다. 다양한 통화와 단기 국채 등을 연동해 일정 가치를 담보하므로 가격 변동폭이 매우 작다. 암호화폐 상용화 걸림돌인 변동성 문제가 어느정도 해결돼 결제 용도로 쓰일 가능성이 높다. 실제로 리브라 코인이 결제 용도로 대중화되면 어떤 일이 벌어질까.가장 먼저 은행과 카드사가 직격탄을 맞는다. 국적과 무관하게 리브라 코인으로 손쉽게 결제할 수 있게 되면 굳이 로컬 은행이나 카드사 시스템을 이용할 유인이 사라진다. 페이스북 계정만 있으면 누구든 즉시 결제가 가능해서다.
                            



페이스북의 가상화폐(암호화폐) 프로젝트 '리브라'가 공개됐다(사진=페이스북)

                        심지어 은행 시스템이 전무한 제3국이나 오지에서도 상대방이 페이스북 계정만 있으면 리브라 코인으로 즉시 결제할 수 있다. 결제 후 실제 현금이 들어올 때까지 며칠씩 기다릴 필요도 없다. 결제 즉시 이용자 페이스북 지갑으로 암호화폐가 바로 들어오고, 수수료도 제로에 가까워진다. 최근 가입자 1억5000만명을 보유한 미국 이동통신사 AT&T가 비트코인 결제를 채택하는 등 기업들의 암호화폐 결제 채택 움직임이 늘어나고 있다. 세계 최대 신용카드 결제 서비스사인 비자와 마스터카드가 '리브라 컨소시엄'에 참여한 것은 이같은 미래에 대한 발빠른 대처로 풀이된다.◆ 전세계 금융당국 '초긴장'리브라 코인의 등장은 각국 법정화폐의 지위를 위협한다. 각국 금융계 수장들이 리브라 코인에 연일 경계 목소리를 내는 이유다.브뤼노 르 메르 프랑스 재정경제부 장관은 ""리브라가 '국가 통화'가 될 것이라는 데는 의심의 여지가 없다. 그런 일이 절대 일어나서는 안된다""고 강력 비판했다. 필립 로우 오스트레일리아준비은행 총재도 ""페이스북 뜻대로 되지 않을 것""이라고 언급했다.주요 7개국(G7)은 리브라 코인이 기존 화폐를 대체할 가능성에 대비해 관련 테스크포스(TF)를 꾸리고 규제 검토에 나섰다. 국제결제은행(BIS) 역시 ""거대 정보기술(IT) 기업이 제공하는 금융서비스가 데이터를 무기로 단숨에 시장을 지배할 가능성이 있다""면서 대책 마련을 촉구하는 보고서를 발표했다. 리브라 코인이 상용화되는 순간부터 국가 차원 통화정책이 무력화될 수 있어서다. 비트코인에 투자하고 리브라 코인으로 환전해 결제하는 구조에서는 암호화폐 단에서만 자금이 순환돼 실물 화폐가 설 자리를 잃는다. 
                            



페이스북이 내놓는 암호화폐 지갑 '칼리브라'(사진=페이스북)

◆ 한국은 조용한 이유 있다각국 금융 당국이 리브라 코인 등장에 초긴장 상태지만 우리나라는 비교적 조용하다. 기존 정책 기조를 유지하려는 의도일 수 있지만 현실적인 이유도 있다. 리브라 백서의 한국어 번역본이 제공되지 않아 아직 본격적 논의가 시작되지 못한 것.페이스북이 공개한 리브라 코인 백서는 영어·일어·중국어·독일어·프랑스어·러시아어·포르투갈어·스페인어·인도네시아어 등 전세계 언어로 번역됐지만 한국어는 제외됐다. 주요 국가들에 비해 상대적으로 페이스북 이용자가 적고 시장 크기가 작아 벌어진 일이지만 업계 시각은 달랐다.한 업계 관계자는 ""만약 2017년에 페이스북이 암호화폐를 출시했다면 한국어 버전 백서를 포함시켰을 것""이라며 ""약 2년새 한국은 암호화폐 선도국에서 후진국으로 전락했다""고 꼬집었다.다른 관계자도 ""암호화폐는 최근 국제자금세탁방지기구(FATF)가 자산으로 인정하고 자금세탁방지(AML)와 관련해 기존 금융권 수준의 권고안을 발표했다. G20 재무장관·중앙은행 총재들 역시 해당 권고안을 따르겠다고 발표한 바 있다""면서 ""우리도 서둘러 대비하지 않으면 순식간에 국가경쟁력을 잃을 수 있다""고 진단했다.김산하 한경닷컴 기자 sanha@hankyung.com기사제보 및 보도자료 open@hankyung.com
"
29,https://www.hankyung.com/,2019. 5. 27.,비트코인 가격 급등…가상화폐 테마주 동반 '껑충',https://www.hankyung.com/finance/article/2019052762486,"비트코인 가격이 급등하면서 가상화폐 관련 종목들이 상승 중이다. 27일 오전 9시 3분 현재 SCI평가정보(2,660 +5.56%)는 
전날보다 550원(19.8%) ...",2019.05.27 09:04,,"




비트코인 / 사진=게티이미지

                        비트코인 가격이 급등하면서 가상화폐 관련 종목들이 상승 중이다.27일 오전 9시 3분 현재 SCI평가정보(2,685 +1.70%)는 전날보다 550원(19.8%) 상승한 3310원에 거래되고 있다.우리기술투자(2,570  0.00%)는 13%대로, 에이티넘인베스트(1,680  0.00%)11%대, 비덴트(6,620 -1.93%) 9%대, SBI인베스트먼트(617 +0.49%) 6%대, 옴니텔(1,705 +1.79%) 5%대, 대성창투(1,820 -0.82%) 5%대 등 다른 가상화폐 관련 종목들도 일제히 오르고 있다.가상화폐 거래소 업비트에 따르면 비트코인 가격은 이날 오전 4시45분께 1000만원을 돌파한 뒤 5시20분 기준 1010만원대를 기록 중이다. 지난해 5월 이후 약 1년 만의 가격 회복이다. 특히 지난달 초 500만원 돌파 이후 가파른 상승세를 보이며 약 2개월 만에 2배로 뛰었다.이송렬 한경닷컴 기자 yisr0203@hankyung.com
"
30,https://www.hankyung.com/,2019. 6. 21.,"비트코인, 9599달러로 거래 마감 '400일 최고가' 기록",https://www.hankyung.com/news/article/2019062195003,"폭락을 거듭하며 가상화폐 자체에 대한 우려가 제기됐던 비트코인이 UTC 6월20일 18시 기준 400일 만에 최고치를 경신하며 기대감을 
높이고 있다.",2019.06.21 14:38,,"







◆…자료:코인마켓캡폭락을 거듭하며 가상화폐 자체에 대한 우려가 제기됐던 비트코인이 UTC 6월20일 18시 기준 400일 만에 최고치를 경신하며 기대감을 높이고 있다."
31,https://www.hankyung.com/,2019. 5. 14.,비트코인 900만원 돌파에 관련株 '급등'…우리기술투자 14%↑,https://www.hankyung.com/finance/article/2019051422656,"비트코인이 900만원을 돌파했다는 소식에 암호화폐 관련주가 강세를 보이고 있다. 14일 오전 9시37분 현재 우리기술투자(1,765 
+3.82%)는 전날 ...",2019.05.17 10:32,,"




사진=게티이미지뱅크

                        비트코인이 900만원을 돌파했다는 소식에 암호화폐 관련주가 강세를 보이고 있다. 14일 오전 9시37분 현재 우리기술투자(2,570  0.00%)는 전날보다 610원(14.66%) 오른 4770원에 거래되고 있다. 같은 시간 SCI평가정보(2,685 +1.70%)도 14.49% 뛰고 있다. 라이브플렉스(754 -1.57%)도 12.90% 오르고 있다. 비덴트(6,620 -1.93%) SBI인베스트먼트(617 +0.49%)도 8~9% 상승 중이다. 또 옴니텔(1,705 +1.79%) 위지트(618 +0.16%) 에이티넘인베스트(1,680  0.00%) 제이씨현시스템(3,980 -1.12%) 한일진공(617 -1.91%) 등 다른 관련주도 오르고 있다. 이들 주식이 상승한 이유는 비트코인 가격이 최근 급등하면서 수혜를 볼 것이라는 기대감에 따른 것으로 풀이된다. 암호화폐 거래소 업비트에 따르면 이날 오전 6시30분 기준으로 비트코인은 942만원을 기록했다. 800만원을 돌파한 지 사흘 만이다. 고은빛 한경닷컴 기자 silverlight@hankyung.com
"
32,https://www.hankyung.com/,2019. 6. 4.,"비트코인 '쥐약' 비판한 버핏, 가상화폐 개척자와 자선오찬",https://www.hankyung.com/international/article/201906044749Y,"버핏과의 점심' 최고가 낙찰받은 주인공은 가상화폐 트론 설립자 '투자의 귀재' 워린 버핏(88) 버크셔해서웨이 회장과의 자선 오찬을 
역대 최고가로 ...",2019.06.04 10:35,,"
'버핏과의 점심' 최고가 낙찰받은 주인공은 가상화폐 트론 설립자'투자의 귀재' 워린 버핏(88) 버크셔해서웨이 회장과의 자선 오찬을 역대 최고가로 낙찰받은 주인공은 가상화폐 트론(Tron)의 설립자인 저스틴 쑨(28)으로 확인됐다.아이러니하게도 버핏 회장이 가상화폐인 비트코인을 쥐약(rat poison)으로 묘사하는 등 날선 비판을 해왔다는 점에서 올해로 20년째를 맞은 '워린 버핏과의 점심'이 더욱 주목된다.
                            





                        AP·로이터 통신은 3일(현지시간) 올해 버핏 회장과의 점심 식사를 역대 최고가인 456만달러(약 53억원)로 낙찰받은 주인공이 중국계 사업가 쑨이라고 보도했다.미 펜실베이니아대에서 석사학위를 받은 쑨은 가상화폐 트론의 설립자이자 세계적인 자료 공유 사이트인 비트 토렌트(BitTorrent)의 최고경영자(CEO)다.쑨은 2017년 가상화폐인 트론 상품권을 출시했다.이후 가상화폐를 매개로 투자금을 유치하는 가상화폐공개에서 7천만달러(약 826억원)를 유치하기도 했다.이에 반해 버핏은 가상화폐에 비판적인 목소리를 꾸준히 내왔다.지난달 5일 버핏은 네브래스카주 오마하에서 열린 버크셔해서웨이 연례 주주총회에서 가상화폐인 비트코인에 대해 ""사기와 연관된 도박장치""라고 비판했다.앞서 지난해 연례 주총에서는 비트코인을 ""아마도 쥐약""이라고 혹평하기도 했다.다만 버핏은 가상화폐 기술인 블록체인에 대해선 비교적 긍정적 평가를 해온 것으로 알려졌다.
                            





                        이 때문인지는 몰라도 쑨은 자신의 트위터에 블록체인 업계 관계자들을 식사에 초대하겠다는 뜻을 밝혔다.최종 낙찰자는 식사에 최대 7명의 일행을 동반할 수 있다.이들은 뉴욕 맨해튼 미드타운의 스테이크 전문 식당 '스미스 앤드 월런스키'에서 버핏과 함께 식사하면서 향후 투자처 등에 대해 질문할 수 있다.버핏은 성명을 내 ""저스틴이 경매에 낙찰됐다는 사실에 대해 기뻐하고 있으며 만남을 기대하고 있다""고 말했다.버핏은 지난 2000년 빈민을 돕기 위해 자선경매를 시작했다.경매의 수익금은 샌프란시스코의 빈민구제단체 글라이드 재단에 전달된다./연합뉴스
								"
33,https://www.hankyung.com/,2019. 4. 21.,"""다시 상승장 들어섰다"" 낙관론 퍼져…비트코인 600만원선 일단 안착",https://www.hankyung.com/economy/article/2019042161221,"가상화폐 투자자 사이에서 시장이 다시 상승장에 들어섰다는 낙관론이 확산되는 가운데 지난주 비트코인 시세는 600만원대에 안착했다. 국내 
가상 ...",2019.04.21 21:56,가상화폐 주간 시황 분석,"
								가상화폐 투자자 사이에서 시장이 다시 상승장에 들어섰다는 낙관론이 확산되는 가운데 지난주 비트코인 시세는 600만원대에 안착했다. 국내 가상화폐거래소에서 ‘대장주’ 비트코인 가격은 지난 16일 이후 꾸준히 600만~610만원 사이에서 거래됐다.
                            





                        가상화폐 시세는 만우절인 지난 1일 미국 증권거래위원회에서 비트코인 상장지수펀드(ETF)를 승인했다는 ‘가짜뉴스’가 퍼지면서 급등세를 탄 적이 있다. 이 얘기가 거짓말로 확인되면서 값이 출렁였지만 다시 오름세를 되찾아 눈길을 끌고 있다. 가상화폐 긍정론자들은 “가격이 바닥을 찍었다고 판단한 투자자들이 저가 매수에 나선 것”이라고 주장하고 있다. 하지만 “조만간 다시 후퇴할 수 있다”는 신중론도 적지 않다.최근 잇따라 공개된 가상화폐거래소들의 지난해 감사보고서에 따르면 주요 업체들은 시장 위축 직격탄을 피하지 못한 것으로 나타났다. 업비트 자산은 2017년 1조2500억원에서 지난해 6300억원으로, 빗썸은 같은 기간 1조9200억원에서 5400억원으로 줄었다. 코인 가격이 떨어지면서 거래소가 보유한 암호화폐 가치가 줄었고, 일부를 매각하는 과정에서 처분 손실이 발생한 것으로 분석된다. 업비트는 전년 대비 두 배를 넘는 영업이익을 냈지만 빗썸, 코인원, 코빗 등은 적자를 보는 등 경영 성적표는 엇갈렸다.정보기술(IT)업계 관계자는 “거래소마다 해외 진출, 신사업 진출 등으로 활로 모색에 본격적으로 나서고 있는 만큼 올해부터는 업체별 희비가 더욱 극명하게 갈릴 수 있다”고 말했다.임현우 기자 tardis@hankyung.com
								"
34,https://www.hankyung.com/,2019. 6. 5.,"1000만원 무너진 비트코인, 고래 1명 '덤핑' 때문으로 추정",https://www.hankyung.com/it/article/201906058433g,"비트코인 2만5000개 동원한 고래에 시장 충격 3시간 동안 120억원 가까운 차익 챙겨. 비트코인 2만5160개를 보유한 
고래(거물)이 시장에 충격을 ...",2019.06.05 09:22,"비트코인 2만5000개 동원한 고래에 시장 충격
3시간 동안 120억원 가까운 차익 챙겨","




비트코인 2만5160개를 보유한 고래(거물)이 시장에 충격을 주고 수면 밑으로 사라졌다.

                        지난 4일 비트코인 가격의 급락은 특정 고래(거물)의 의도적 덤핑(현저히 낮은 가격으로 투매하는 행위)에 의한 것으로 추정된다.가상화폐 트랜잭션(암호화폐 거래) 모니터링 사이트 '웨일 알러트'에 따르면, 이날 2만5160개(약 2600억원)의 비트코인 이동이 감지됐다. 2개 암호화폐 지갑 주소로 나눠 암호화폐 거래소 코인베이스로 입금된 이 비트코인들이 시장에 매각됐다.포브스·포춘 등 외신들은 ""암호화폐 시장 고래의 움직임 때문에 갑작스런 매도세가 나왔다""면서 ""비트코인은 가장 널리 거래되는 암호화폐지만 여전히 대형 홀더들에 의한 가격 변동에 시달리고 있다""고 짚었다.비트코인 매물이 대량으로 쏟아진 탓에 가격이 급락했다. 1040만원선(이하 업비트 기준)을 유지하던 비트코인 가격은 약 30분 만에 960만원대까지 떨어졌다. 이어 패닉셀이 쏟아지며 920만원대까지 추가 하락했고, 5일 오전 9시20시 기준 960만원 내외를 기록 중이다.비트코인을 대량 매도한 소유주는 패닉셀이 쏟아져 해외 거래소 가격이 8000달러(약 942만원) 아래로 떨어지자 비트코인을 다시 사들여 차익을 얻은 것으로 보인다.웨일 알러트는 두 차례에 걸쳐 총 2만5160개의 비트코인이 다시 정체를 알 수 없는 지갑 주소로 빠져나갔다고 언급했다. 이번 급락을 유도한 고래는 약 3시간에 걸쳐 비트코인을 코인베이스로 옮기고 대량 매도한 뒤, 낮은 가격에 다시 매수해 코인베이스를 빠져나간 셈이다.중국 암호화폐 미디어 비스제는 ""이번 덤핑으로 고래가 벌어들인 수익은 1000만달러(약 118억원)에 달할 것""이라고 말했다.오세성 한경닷컴 기자 sesung@hankyung.com기사제보 및 보도자료 open@hankyung.com
"
35,https://www.hankyung.com/,2019. 4. 8.,비트코인 600만원도 돌파…'만우절 가짜뉴스' 때문 아니었다,https://www.hankyung.com/it/article/201904080443g,"비트코인 시세가 지난 2일 500만원대 돌파에 이어 6일 만인 8일 오전 600만원도 넘었다. 가상화폐(암호화폐) 거래소 업비트에 
따르면 비트코인 ...",2019.05.17 10:34,,"




사진=PIXABAY

                        비트코인 시세가 지난 2일 500만원대 돌파에 이어 6일 만인 8일 오전 600만원도 넘었다. 가상화폐(암호화폐) 거래소 업비트에 따르면 비트코인 가격은 이날 오전 9시26분 600만원에 도달한 후 600만원 내외 소폭 등락을 반복하고 있다. 10시 기준 602만원선을 기록 중이다.비트코인 가격상승은 ""미국 증권거래위원회(SEC)가 비트코인 ETF(상장지수펀드)를 승인했다""는 호재를 다룬 '만우절 가짜뉴스'가 요인으로 지목되기도 했다. 그러나 약간의 조정을 거친 뒤 상승분을 유지했고, 이날 600만원선까지 돌파했다.만우절 가짜뉴스 때문이었다면 사실관계가 밝혀지고 어느정도 시간이 흐른 만큼 비트코인 상승분을 반납해야 하지만, 도리어 가격은 오름세다. 몇몇 고래(거물)의 움직임에 따른 상승이 한 요인으로 풀이된다.임현민 크로스앵글 리서치센터장은 ""만우절과 비트코인 상승 타이밍이 우연히 일치했을 뿐이다. 이번 상승은 특정 요인이나 기술적 이유보다는 최근 암호화폐 시장의 투자심리 회복이 바탕이 된 것으로 보인다""고 말했다.업계 관계자는 ""만우절 장난 때문이란 추측도 있었지만 시세가 유지됐고, 이후 소수의 지갑에서 비트코인을 매집하고 있는 것으로 밝혀졌다. 장외시장(OTC)에선 이미 만우절 전부터 매집 움직임이 포착됐다""면서 ""이같은 움직임이 상승 모멘텀으로 작용했을 것""이라고 덧붙였다.김산하 한경닷컴 기자 sanha@hankyung.com기사제보 및 보도자료 open@hankyung.com
"
36,https://www.hankyung.com/,2019. 5. 24.,"AT&T도 비트코인 받는다…""통신요금 결제가능""",https://www.hankyung.com/it/article/201905249418g,"미국의 미디어 공룡이자 1억5000만명의 가입자를 확보한 세계 최대 통신사 AT&T가 비트코인 결제를 허용했다. 23일(현지시간) 
AT&T는 가상화폐( ...",2019.05.24 08:45,비트코인으로 통신 요금 결제 가능해져,"




사진=AT&T; 홈페이지 화면 갈무리

                        미국의 미디어 공룡이자 1억5000만명의 가입자를 확보한 세계 최대 통신사 AT&T가 비트코인 결제를 허용했다.23일(현지시간) AT&T는 가상화폐(암호화폐) 결제서비스 기업 비트페이(BitPay)와의 협업을 통해 비트코인 통신요금 결제가 가능해졌다고 밝혔다. AT&T 고객은 AT&T 웹사이트나 '마이 AT&T' 모바일 애플리케이션(응용프로그램) 상의 지불 옵션에서 비트페이를 선택해 비트코인으로 통신요금을 지불할 수 있게 됐다.케민 맥도먼 AT&T 커뮤니케이션즈 재무사업부 부사장은 ""우리는 언제나 서비스를 확장하고 개선시킬 방법을 찾아왔다. 암호화폐를 사용하는 상당수 고객들이 통신요금을 지불할 수 있도록 지원한 것""이라고 말했다.AT&T의 합류로 암호화폐 결제를 허용하는 미국 기업은 더 늘어나게 됐다.지난 13일 미국 경제전문지 포브스 보도에 따르면 서점 반스앤노블, 게임유통점 게임스톱, 아이스크림 유통점 배스킨라빈스, 대형 커피체인 카리부커피, 아마존 산하 식품 유통업체 홀푸드마켓, 대형백화점 노드스톰, 주스체인 잠바주스 등이 암호화폐 결제를 지원하고 있다.김산하 한경닷컴 기자 sanha@hankyung.com기사제보 및 보도자료 open@hankyung.com
"
37,https://www.hankyung.com/,2019. 5. 25.,"시스템 오류로 받은 비트코인, 날름 처분…법원 ""부당이득""",https://www.hankyung.com/society/article/201905253261Y,"시스템 오류로 들어온 비트코인을 처분해 이득을 챙긴 사람이 소송 끝에 처분금액만큼을 돌려주게 됐다. 25일 법조계에 따르면 
서울중앙지법 ...",2019.05.25 11:02,,"






                        시스템 오류로 들어온 비트코인을 처분해 이득을 챙긴 사람이 소송 끝에 처분금액만큼을 돌려주게 됐다.25일 법조계에 따르면 서울중앙지법 민사90단독 이영훈 부장판사는 온라인 암호화폐거래소 '빗썸'을 운영하는 비티씨코리아닷컴이 A씨를 상대로 낸 부당이득금 반환 청구 소송에서 김씨가 830여만원을 지급하라고 판결했다.2017년 9월 빗썸의 시스템 오류로 인해 A씨의 전자지갑에 1.98비트코인이 잘못 지급됐다.당시 1비트코인의 시세는 422만2천원이었다.A씨는 전자지갑에 잘못 들어온 비트코인을 팔아 837만원 상당을 챙겼다.비티씨코리아닷컴은 이를 뒤늦게 확인하고 A씨를 상대로 부당이득금을 돌려달라며 소송을 냈다.이 부장판사는 기본적인 사실관계에 대해 양측이 다툼이 없는 만큼 A씨가 얻은 부당이득을 돌려주라고 판결했다.다만 비티씨코리아닷컴의 시스템 오류가 분쟁의 발단이 된 만큼 소송 비용은 각자가 부담하라고 판결했다./연합뉴스
								"
38,https://www.hankyung.com/,2019. 5. 27.,비트코인 천만원 뚫었다,https://www.hankyung.com/economy/article/201905275788g,"5월 들어 급등한 가상화폐(암호화폐) 대장주 비트코인이 27일 마침내 1000만원 벽을 뚫었다. 비트코인 시세는 이날 오전 4시45분경 
1000만원을 ...",2019.05.27 11:42,,"




27일 비트코인 가격이 1000만원을 돌파했다. / 사진=최혁 기자

                        5월 들어 급등한 가상화폐(암호화폐) 대장주 비트코인이 27일 마침내 1000만원 벽을 뚫었다.비트코인 시세는 이날 오전 4시45분경 1000만원을 넘어선 뒤 5시50분 현재 1010만~1020만원대를 기록 중이다.이달 8일 700만원대로 올라선 비트코인은 나흘 뒤인 12일 800만원을, 다시 이틀 뒤인 14일 900만원을 돌파하며 탄력이 붙었다. 이후 등락을 거듭하며 숨고르기 하다가 27일 1000만원을 넘으면서 연중 최고점을 경신했다.
                            



2019년 비트코인 가격변동 추이. 27일 1000만원을 돌파했다. / 그래픽=조상현 기자

                        1000만원 가격저항이 만만찮았지만 이를 극복한 점이 상당한 의미를 갖는다.일단 1000만원을 돌파했으나 언제든 조정이 올 수 있다. 약 2주 전 900만원대로 올라선 하루 뒤에도 1000만원을 눈앞에 두고 800만원대로 급락했었다.다만 심리적 저항선을 뚫었다는 점에서 가격상승 반경이 보다 넓어진 것으로 풀이된다.김봉구 한경닷컴 기자 kbk9@hankyung.com사진=최혁 한경닷컴 기자 chokob@hankyung.com그래픽=조상현 한경닷컴 기자 doyttt@hankyung.com
"
39,https://www.hankyung.com/,2019. 4. 28.,비트코인 645만원 찍어…IEO 판매 방식 '주목',https://www.hankyung.com/economy/article/2019042810621,"가상화폐 주간 시황 분석 검증 거쳐 투자위험 부담 줄여 일부 거래소서 수초 만에 매진. 가상화폐 가격이 큰 폭의 상승과 소폭 하락을 
반복하며 ...",2019.04.28 15:24,"가상화폐 주간 시황 분석

검증 거쳐 투자위험 부담 줄여
일부 거래소서 수초 만에 매진","
								가상화폐 가격이 큰 폭의 상승과 소폭 하락을 반복하며 꾸준히 우상향 곡선을 그리고 있다.
                            





                        국내 가상화폐 거래소에서 비트코인은 지난 19일 600만원대에 거래를 시작해 23일 645만원 안팎까지 급등했다. 차익 실현 매물이 늘면서 25~26일에는 610만~620만원 선으로 한발 물러섰다. 비트코인 값이 올초 400만원대였음을 감안하면 상당한 회복세지만 ‘코인 광풍’이 절정이던 2017년 말과 비교하면 여전히 반토막에 못 미치는 수준이다.최근 시장에서는 거래소공개(IEO) 방식의 가상화폐 판매가 주목받고 있다. IEO는 가상화폐 거래소가 자체 기준에 따라 선별한 블록체인 프로젝트를 투자자에게 소개하는 형태로 이뤄진다. 올 들어 일부 거래소에서 이뤄진 IEO에서 수초~수분 만에 물량이 매진되는 사례가 줄을 이었다.IEO는 상장되지 않은 암호화폐를 사고파는 기존 가상화폐공개(ICO) 방식의 문제점을 개선한 것이다. ICO는 투자자가 해당 업체 백서(사업 계획서)를 확인하고 진위를 직접 판단해야 했다. 업체와 개인투자자 간 정보 비대칭 문제 때문에 사기 등에 노출될 여지가 컸다. IEO는 전문인력의 1차 검증을 거치는 데다 거래소 상장을 전제로 진행한다는 점에서 투자위험 부담이 적다는 게 업계 관계자들의 설명이다.다만 IEO는 ICO의 변형된 형태에 지나지 않아 ‘불법 논란’에서 자유롭지 못하다. IEO가 과열되면 정부가 언제든 철퇴를 내릴 가능성이 있다는 얘기다. 거래소 측의 검증을 개인투자자가 어디까지 신뢰할 수 있느냐는 문제도 남는다. IEO를 진행한 거래소 중엔 대형 업체도 있지만 인지도가 낮은 소규모 업체도 적지 않다.임현우 기자 tardis@hankyung.com
								"
40,https://www.hankyung.com/,2019. 5. 27.,비트코인 1000만원대 재진입에 술렁거리는 가상화폐시장,https://www.hankyung.com/economy/article/2019052769707,"비트코인이 1000만원을 돌파한 27일 오전 서울 시내 한 블록체인카페 전광판에 비트코인을 비롯한 가상화폐(암호화폐)의 시세가 표시되고 
있다.",2019.05.27 10:39,,"






                        비트코인이 1000만원을 돌파한 27일 오전 서울 시내 한 블록체인카페 전광판에 비트코인을 비롯한 가상화폐(암호화폐)의 시세가 표시되고 있다. 최혁 한경닷컴 기자 chokob@hankyung.com기사제보 및 보도자료 newsinfo@hankyung.com
"
41,https://www.hankyung.com/,2019. 5. 27.,비트코인이 또?,https://www.hankyung.com/economy/article/2019052769327,"비트코인이 1000만원을 돌파한 27일 오전 서울 시내 한 블록체인카페에서 한 시민이 전광판을 바라보고 있다. 관련기사. [포토] 
비트코인 1000 ...",2019.05.27 10:56,,"






                        비트코인이 1000만원을 돌파한 27일 오전 서울 시내 한 블록체인카페에서 한 시민이 전광판을 바라보고 있다.최혁 한경닷컴 기자 chokob@hankyung.com기사제보 및 보도자료 newsinfo@hankyung.com
"
42,https://www.hankyung.com/,2019. 5. 28.,비트코인 연일 상승세…맑고 청정한 출근길,https://www.hankyung.com/economy/article/2019052899247,"... ◇비트코인, 연일 상승세 비트코인이 연일 상승세입니다. 오늘 오전 6시 기준 암호화폐(가상화폐) 국내 거래소 빗썸에 따르면 
비트코인은 21 ...",2019.05.28 07:01,,"






                        ◆비트코인, 연일 상승세비트코인이 연일 상승세입니다. 오늘 오전 6시 기준 암호화폐(가상화폐) 국내 거래소 빗썸에 따르면 비트코인은 21만4000원(2.10%) 상승한 1038만6330원을 기록하고 있습니다. 비트코인의 지난 24시간내 최고 거래금액은 1059만원 까지 기록했으며 최저 거래금액은 1017만5000원입니다. 비트코인은 지난해 5월10일 이후 약 1년 만인 어제 1000만원을 회복했습니다. 라이트코인 또한 10% 가까이 치솟으면서 14만원대 안팎에서 움직이고 있습니다. 블록체인을 도입하는 기업들이 늘고 불안한 금융시장에 따른 대체 투자로 각광을 받는 것으로 보입니다.◆유럽증시, 유럽 의회 선거 영향 일제히 '상승'27일(현지시간) 유럽주요국 증시는 유럽의회 선거 결과와, 거대 자동차 회사인 르노-피아트 간 합병 협상 소식 등에 힘입어 상승 마감했습니다. 유럽의회 선거 개표 결과에서 반(反)유럽연합(EU)을 내세운 극우 포퓰리스트 정당이 예상대로 의석수를 늘렸습니다. 유럽통합 지지세력이 유럽의회의 확고한 과반을 차지한 것이 투자심리를 안정시킨 것으로 보입니다. 영국 런던 증시의 FTSE 100 지수를 비롯해 프랑스 파리 증시의 CAC 40 지수, 독일 프랑크푸르트 증시의 DAX 지수 등이 모두 올랐습니다.
                            



사진=연합뉴스

                        ◆트럼프, 오늘 방일 일정 마무리…日 이즈모급 호위함 승선도널드 트럼프 미국 대통령이 오늘(28일) 일본 해상자위대의 이즈모급 호위함에 승선, 미·일의 군사적 동맹을 과시하는 것으로 방일 일정을 마무리합니다. 트럼프 대통령은 일본 방문 마지막 날인 이날 가나가와(神奈川)현의 요코스카(橫須賀) 해상자위대 기지를 찾아 이즈모급 호위함 '가가'(かが)에 승선할 예정입니다. 트럼프 대통령은 이 일정을 끝으로 3박 4일간 방문 일정을 모두 마치고 일본을 떠날 계획입니다.◆서울대생 1800명 학생총회…'성추행 교수 파면 요구안' 의결서울대생 1800여명은 어제(27일) 전체 학생총회를 열고 지도제자를 성추행한 의혹을 받는 서어서문학과 A 교수에 대한 파면을 대학 본부에 요구하기로 결정했습니다. 'A 교수 파면 요구' 안건은 총 투표수 1829표 중 찬성 1782표, 반대 5표, 기권 및 무효 42표로 가결됐습니다. A 교수는 2017년께 외국의 한 호텔에서 대학원생 지도 제자의 허벅지를 만지는 등 학생을 성추행한 의혹으로 신고됐습니다. 이후 인권센터에서 중징계 권고를 받고 징계위원회에 회부됐습니다.◆오스트리아 총리, 의회 불신임으로 사퇴…내각도 해산오스트리아 연방 하원이 27일(현지시간) 제바스티안 쿠르츠 총리에 대한 불신임 안을 가결했습니다. 오스트리아에서 총리가 의회의 불신임투표 가결로 물러난 것은 1945년 이후 처음입니다. 연정이 깨진 오스트리아는 과도 내각을 꾸렸으나 쿠르츠 총리까지 물러나게 되면서 내각도 모두 해산하게 됐습니다. 연립정부 파트너였던 극우 자유당의 부패 스캔들로 이달 18일 연정을 해산했던 쿠르츠 총리는 자유당과 제1야당인 사민당의 공세로 불과 10일 만에 자신도 총리직에서 물러나게 됐습니다. 쿠르츠는 1986년 8월생으로 2017년 총선에서 우파 국민당을 제1당으로 올려놓으면서 전 세계 최연소 정상으로 주목을 받았습니다.◆뉴욕증시, '메모리얼 데이' 휴장27일(현지시간) 뉴욕증시는 '메모리얼 데이'(전몰자 추도기념일)을 맞아 휴장했습니다. 미국의 메모리얼 데이는 한국의 현충일과 같이 숨진 호국영령들을 기리는 날입니다. 매년 5월 마지막주 월요일로 지정돼 있습니다.◆화웨이 창업자 ""우린 죽지 않고 승리할 것""중국 통신장비업체 화웨이의 창업자이자 최고경영자(CEO)인 런정페이(任正非)는 중국 관영 CCTV와이 인터뷰에서 미국 정부의 극한 압력에도 화웨이는 절대 무너지지 않을 것이라고 주장했습니다. 런정페이는 ""우리가 죽을 것이라고 전혀 생각하지 않는다. 승리는 우리의 것이다. 미국에 의지하지 않고 완전히 자신에 의지한다""고 말했습니다. 그는 자택 연금 중인 딸 멍완저우 화웨이 최고재무책임자(CFO)에 대해서는 걱정하지 않는다면서 딸이 5∼6과목을 혼자 공부하고 있고 '옥중 박사'를 준비하고 있다고 밝혔습니다.◆'비 온 뒤 맑음'…청정한 출근길화요일인 오늘(28일)은 비가 그치며 아침에는 선선하겠지만, 낮은 전날보다 기온이 오를 것으로 보입니다. 낮 최고기온은 서울 26도, 대구 28도 등으로 예상됩니다. 중국 중부지방에서 다가오는 고기압의 영향으로 중부지방은 종일 맑겠습니다. 원활한 대기 확산 덕에 이날 미세먼지 농도는 전국에서 '좋음' 수준으로 청정한 대기 상태가 예상됩니다.지금까지 한경닷컴의 김하나 기자였습니다.
								"
43,https://www.hankyung.com/,2019. 4. 6.,암호화폐 주요 종목 비트코인 상승세…리플 9%↑,https://www.hankyung.com/economy/article/2019040669977,"6일 암호화폐들의 가격이 대체로 상승세를 보이고 있다. 오전 8시50분 현재 빗썸거래소에서 비트코인은 전날보다 
10만7000원(1.92%) 오른 566 ...",2019.04.06 08:58,,"






                        6일 암호화폐들의 가격이 대체로 상승세를 보이고 있다. 오전 8시50분 현재 빗썸거래소에서 비트코인은 전날보다 10만7000원(1.92%) 오른 566만8000원을 기록 중이다. 이더리움 리플 라이트코인 비트코인캐스 등도 2~9%의 오름세다. 자세한 가격은 빗썸 홈페이지를 참고 하면된다.한경닷컴 뉴스룸 open@hankyung.com
"
44,https://www.hankyung.com/,2019. 4. 7.,"""가상화폐, 94년 인터넷 수준…비트코인캐시가 선두주자 될 것""",https://www.hankyung.com/it/article/201904077914g,"현재 가상화폐(암호화폐) 생태계에는 약 5000만명 정도 사용자가 들어와 있는 것으로 추정됩니다. 1994~1995년경 인터넷 사용자 
수와 비슷하죠.",2019.04.08 14:17,스테판 러스트 비트코인닷컴 비즈니스총괄,"




한경닷컴과 인터뷰중인 스테판 러스트(Stefan Rust) 비트코인닷컴 비즈니스 총괄

                        ""현재 가상화폐(암호화폐) 생태계에는 약 5000만명 정도 사용자가 들어와 있는 것으로 추정됩니다. 1994~1995년경 인터넷 사용자 수와 비슷하죠. 우리가 얼마나 암호화폐 산업의 초기 단계에 있는지 알 수 있습니다.""지난 4일 서울 장충체육관에서 개최된 열린 '분산경제포럼(디코노미) 2019'에서 한경닷컴과 인터뷰한 스테판 러스트(Stefan Rust) 비트코인닷컴 비즈니스 총괄(사진)은 현재 암호화폐 상황을 이같이 짚었다. 스테판 총괄은 ""당시엔 구글도 존재하지 않았다. 전세계 인터넷의 표준이 된 TCP/IP 프로토콜 역시 그 당시 표준 프로토콜도 아니었다""면서 ""비트코인캐시가 초기 단계인 암호화폐 생태계에서 빠르게 표준으로 자리잡을 수 있도록 노력하겠다""고 강조했다.비트코인닷컴은 전세계 5위 암호화폐 비트코인캐시를 이끄는 암호화폐 기업이다. 글로벌 암호화폐 전문 미디어 '비트코인뉴스'를 비롯해 암호화폐 관련 지갑 서비스, 채굴 사업, 플랫폼 사업, 게임 사업 등을 펼치고 있다. 그의 설명에 따르면 비트코인닷컴 암호화폐지갑에는 약 400만개의 활성화된 주소가 존재한다. 매일 1만5000건 상당의 활동이 발생하며 지갑 앱(응용프로그램)도 일평균 8000건 다운로드된다.비트코인닷컴은 금융 서비스의 '질'을 높이는 데 집중하고 있다. 암호화폐 지갑 앱을 통해 이용자들이 암호화폐 수탁 서비스 등 보다 좋은 금융 관리 서비스를 받을 수 있도록 하겠다는 계획이다.
                            



한경닷컴과 인터뷰중인 스테판 러스트(Stefan Rust) 비트코인닷컴 비즈니스 총괄

                        개발자 육성에도 많은 공을 들이고 있다고 귀띔했다. 비트코인캐시의 블록체인 위에서 작동되는 앱들을 육성하기 위해서다. 비트코인닷컴은 이를 위해 개발자들이 쓸 수 있는 도구모음(Tool Set)을 만들었다. 스테판 총괄은 ""우리는 개발자들이 프로토콜 위에서 앱을 만들려 할 때 무엇을 원하는지 알고 있다""며 ""이제 개발자들이 비트코인캐시 플랫폼을 활용해 스마트 계약이나 토큰을 쉽게 만들 수 있게 됐다""고 의미 부여했다.비트코인닷컴은 연내 블록체인 개발자들을 위한 해커톤을 국내에서 개최할 계획. 스테판 총괄은 ""개발자들에게 비트코인캐시 플랫폼을 더 많이 알리자는 취지""라며 ""한국은 세계 톱5 안에 드는 암호화폐 시장이고 뛰어난 개발자들이 많다. 우리는 한국과 함께 하고 싶다""고 말했다.비트코인캐시 시세는 한경닷컴과 인터뷰한 당일까지 3일간 무려 80% 넘게 급등했다. 그는 ""같은 기간 비트코인이 약 20% 오른 것에 비하면 상승폭이 크지만 우리는 여전히 비트코인캐시가 상당히 평가절하돼 있다고 생각한다. 사람들이 비트코인캐시를 진정한 '결제수단'으로 사용하길 원한다""고 역설했다.비트코인캐시의 다음 목표는 개인간(P2P) 가치전송 체계의 '표준'이 되는 것이라고 했다. 카카오톡의 보이스톡, 스카이프 등에 사용되는 음성 인터넷프로토콜(VoIP)을 사례로 들었다. 예컨대 과거엔 국제통화를 하려면 비싼 돈을 내고 통신사 제공 유선망을 통해 전화해야 했지만, 이젠 대부분 인터넷 전화인 VoIP를 활용해 아주 저렴한 비용으로 빠르게 통화할 수 있게 됐다는 것이다.스테판 총괄은 ""전화가 VoIP로 발전한 것처럼 암호화폐도 금융이 일종의 '통화 인터넷프로토콜(Money over IP)'로 발전한 형태""라며 ""금전적인 가치 자체를 인터넷에 실어보낼 수 있게 됐다. 다가올 미래에는 암호화폐가 '미래 금융' 그 자체가 될 것""이라고 내다봤다.김산하 한경닷컴 기자 sanha@hankyung.com기사제보 및 보도자료 open@hankyung.com
"
45,https://www.hankyung.com/,2019. 4. 5.,"""비트코인 거래량 '95% 뻥튀기'"" 미 거래회사 보고서 파문",https://www.hankyung.com/economy/article/201904052977Y,"개인투자가 끌어들이려 '자사 계정서 사자·팔자, 동시주문 거래 부풀려' 주야 거래량 변동 없는 '수상한 거래'도 다수, 시장 신뢰 
흔들릴 가능성",2019.04.05 07:03,,"
개인투자가 끌어들이려 '자사 계정서 사자·팔자, 동시주문 거래 부풀려'주야 거래량 변동 없는 '수상한 거래'도 다수, 시장 신뢰 흔들릴 가능성가상화폐의 대표격인 비트코인의 실제 거래량은 알려진 것의 20분의 1에 불과하며 나머지 95%는 개인투자자를 끌어들이기 위해 부풀려진 '위장'거래일 가능성이 있다는 보고서가 나와 파문이 일고 있다.보고서의 내용이 사실일 경우 가상화폐 업계의 신뢰가 뿌리채 흔들릴 가능성도 있는 것으로 지적되고 있다.
                            





                        4일 니혼게이자이(日本經濟)신문에 따르면 샌프란시스코에 본사를 두고 있는 가상화폐 자산운용업체 '비트와이즈 애셋 매니지먼트(Bitwise Asset Management)'는 전 세계 81개 가상화폐거래소의 매매현황을 분석한 보고서를 지난달 하순 미국 증권거래위원회(SEC)에 제출했다.보고서에 따르면 거래가 활발한 것 처럼 보이게 하기 위해 거래 업자가 자사내 계정에서 매매를 반복하는 '위장'거래가 두드러졌다.거래소 중에는 서로 상쇄되는 사자와 팔자 주문이 동시에 이뤄진 곳도 있었다.밤과 낮 거래량에 변화가 없는 등 부자연스런 거래도 다수 발견됐다.전세계에서 발행되는 100여종 이상의 가상화폐와 토큰의 시가총액 순위와 현재 거래가격, 거래량, 과거 가격추이 등을 제공하는 미국의 가상화폐정보업체 '코인마켓 캡(CoinMarketCap. MC)'이 집계하는 거래량 데이터는 결과적으로 부풀려진 데이터를 토대로 작성된 셈이다.비트와이즈는 조사한 기간의 매일 거래량 60억 달러(6조8천100억 원) 중 실체가 있는 거래는 2억3천700만 달러에 그친 것으로 분석했다.나머지 95% 이상은 부풀려진 거래라는 것이다.코인MC는 지난달 26일 ""(가상화폐) 거래소와 가상화폐의 전체 현황을 명확하게 하기 위해 새로운 조사 방법을 개발하겠다""는 성명을 발표했다.가상화폐거래소의 거래 데이터가 투명하지 않다는 지적은 진작부터 제기돼 왔다.유럽의 비영리단체인 크립토 인테그리티는 지난 2월 가상화폐 거래의 99%가 부풀려져 있다는 조사결과를 발표했다.미국 가상통화 정보회사인 TIE도 거래소의 75%에서 의심스런 거래가 발견됐다는 조사결과를 지난달 발표했다.비트와이즈는 보고서에서 관련 데이터의 투명성이 확보된 신뢰할 수 있는 세계 10대 거래소를 구체적으로 열거했다.비트와이즈가 가상화폐 거래 데이터의 불투명한 관행을 조사한 것은 비트코인 상장투자신탁(ETF) 인가를 받기 위해서다.투명성 높은 거래소를 특정해 이들 거래소의 데이터를 ETF 가격에 반영하는 방법으로 관련 데이터의 불투명성을 제거, 시세조작 가능성 등을 이유로 ETF 인가신청을 거부해온 미국 증권거래소가 방침을 바꾸도록 촉구하기 위해서다.하지만 사정은 그리 간단치 않다.SEC는 3월29일에 비트와이즈, 4월6일에 투자운용회사 반에크(VanEck)의 ETF 심사결과를 발표할 예정이었지만 발표를 각각 45일간 연기했다.SEC는 최종 판단을 최장 240일 연기할 수 있어 비트코인 ETF 승인 여부를 신중하게 판단할 것으로 보인다고 니혼게이자이는 전했다,/연합뉴스
								"
46,https://www.hankyung.com/,2019. 5. 14.,"비트코인 결제 가능해진 미국 스타벅스 ""알리진 말아주세요""",https://www.hankyung.com/it/article/201905142168g,"스타벅스·베스킨라빈스·홀푸드마켓 등 대형 소매 업체들, 가상화폐 결제 지원"". 스타벅스 등 미국의 대형 소매 업체들이 
가상화폐(암호화폐) 결제를 ...",2019.06.19,"""스타벅스·베스킨라빈스·홀푸드마켓 등 대형 소매 업체들, 가상화폐 결제 지원""","
								스타벅스 등 미국의 대형 소매 업체들이 가상화폐(암호화폐) 결제를 지원하기로 했다.13일(현지시간) 미국 경제 전문지 포브스는 스타벅스를 비롯해 베스킨라빈스, 카리부커피 등 다수 기업들이 암호화폐 결제를 허용한 것으로 밝혀졌다고 보도했다. 블록체인 스타트업 플랙사가 내놓은 암호화폐 결제 애플리케이션(응용프로그램) 스페든(Spedn)의 영향이다.스페든 앱을 지원하는 업체에서는 비트코인을 비롯해 이더리움·라이트코인·비트코인캐시·제미니달러 등의 암호화폐를 이용해 결제를 진행할 수 있다.다만 스타벅스는 플렉사의 공식 파트너십 발표에는 들어가지 않았다. 공식적으로도 플랙사와의 파트너십을 부인한 상태다.그러나 이날 포브스는 페이스북 공동창업자이자 비트코인 억만장자인 윙클보스 형제가 스타벅스 매장에서 암호화폐로 커피를 구매하는 모습을 보도하며 “스타벅스는 본인들이 무슨 일을 진행하고 있는지 밝히는 것에 어려움을 느끼는 것 같다“고 언급했다.플랙사의 공식 발표에 따르면 현재 스페든 앱을 통해 암호화폐 결제가 가능한 매장은 미국 최대 서점 반스앤노블, 미국 최대의 게임 유통점 게임스톱, 아이스크림 유통점 배스킨라빈스, 대형 커피체인 카리부커피, 아마존 산하 식품 유통 업체 홀푸드마켓, 미국 대형 백화점 노드스톰, 주스 체인 잠바주스 등이다. 플랙사는 사용 가능한 암호화폐 종류를 늘리고 더욱 많은 소매 업체들 및 상인들이 스페든 앱을 활용할 수 있도록 지원할 방침이다.김산하 한경닷컴 기자 sanha@hankyung.com기사제보 및 보도자료 open@hankyung.com
"
47,https://www.hankyung.com/,2019. 4. 9.,"중국, 비트코인 채굴 '도태산업' 지정…전방위 압박",https://www.hankyung.com/international/article/201904096230Y,"거래소 폐쇄 이어 '세계 최대' 채굴 산업도 '정조준'. 중국, 비트코인 채굴 '도태산업' 지정…전방위 압박. 비트코인을 비롯한 
가상화폐(암호화폐)에 ...",2019.04.09 14:14,,"
								거래소 폐쇄 이어 '세계 최대' 채굴 산업도 '정조준'
                            





                        비트코인을 비롯한 가상화폐(암호화폐)에 부정적인 태도로 일관해온 중국 정부가 거래소 폐쇄에 이어 채굴 산업도 도태시켜 나가겠다는 방침을 공개했다.가상화폐 채굴 시장은 몇몇 중국계 회사들이 주도하고 있어 중국 내 채굴 산업이 쪼그라들 경우 세계 가상화폐 시장의 안정성에도 큰 영향을 줄 수 있다.9일 관영 통신사인 중국신문사에 따르면 중국의 경제 계획 담당 부처인 국가발전개혁위원회는 이날 공개한 '2019년 판 산업 구조 조정 지도 방침'에서 가상화폐 채굴 산업을 '도태 산업'으로 공식 지정했다.중국 정부는 매해 산업 구조 조정 정책 방향을 발표하면서 '육성 산업', '제한 산업', '도태 산업' 세 종류로 업종을 나눠 지정한다.육성 산업에 속하는 분야 기업에는 정부의 전폭적인 지원이 제공되지만 반대로 도태 산업으로 지정된 분야 기업은 인허가 문제를 비롯한 각종 사업상의 어려움에 직면하게 된다.가상화폐는 익명성과 권한 분산을 추구한다는 점에서 강력한 통제와 관리를 중요시하는 중국 정부는 그간 가상화폐 시장에 부정적인 입장을 견지해왔다.중국 중앙은행인 인민은행은 작년 11월 낸 보고서에서 가상화폐 기술의 원천이 되는 블록체인 시장에 거품이 끼었다고 진단하면서 내재 가치가 없는 가상화폐가 법정화폐로 발전할 가능성은 없다고 못 박았다.중국 정부는 이미 수년 전부터 자국 내의 가상화폐 거래소 운영을 전면 금지하고 있다.이번에 가상화폐 채굴업까지 도태 대상 산업으로 지정되면서 중국 내 채굴 산업도 큰 어려움에 봉착할 가능성이 클 전망이다.가상화폐 채굴이란 방대한 컴퓨터 자원을 투입해 가상화폐 거래가 유지되도록 복잡한 연산을 수행하고 그 대가로 가상화폐의 일부를 받는 것을 말한다.엄밀한 의미에서 채굴과는 거리가 있지만 비트코인 등 가상화폐 시장이 각광을 받고 나서 광산에서 값비싼 광물을 캐내는 행위에 빗대 채굴이라고 불리고 있다.가상화폐 채굴에는 방대한 컴퓨터가 필요하고 많은 전기가 필요해 중국 뿐만 아니라 최근 세계 각국에서는 에너지를 낭비하고 환경을 오염시키는 산업으로 지목돼 규제가 강화되는 추세다./연합뉴스
								"
48,https://www.hankyung.com/,2019. 4. 12.,"비트코인 직불카드, 여러분은 쓰시겠습니까?",https://www.hankyung.com/economy/article/201904120586i,"비트코인 등 암호화폐를 통해 실제로 물건을 살 수 있는 직불카드가 출시된다. 11일(현지시간) 정보기술(IT) 전문 매체 테크크런치에 
따르면 암호 ...",2019.04.13 16:17,,"




 

                            비트코인 등 암호화폐를 통해 실제로 물건을 살 수 있는 직불카드가 출시된다.11일(현지시간) 정보기술(IT) 전문 매체 테크크런치에 따르면 암호화폐 거래소 코인베이스는 비자카드와 협업을 통해 암호화폐 계좌와 연동해 사용할 수 있는 직불카드를 영국에서 선보였다. 카드 소지자는 비자카드를 사용할 수 있는 온·오프라인 상점에서 암호화폐를 통해 물건과 서비스를 구매할 수 있다. 비트코인뿐 아니라 이더리움 라이트코인 등 다양한 종류의 암호화폐 계좌와 연동이 가능하다.해당 카드를 사용할 경우 그 당시 암호화폐 환율에 따라 영국 파운드화로 환산돼 결제가 진행된다. 실시간 환율을 반영해 ATM에서 현금을 인출할 수도 있다. 코인베이스는 한시적으로 영국에서만 암호화폐 직불카드를 운영하다 이후 유럽 전역으로 서비스 지역을 확대할 방침이다.코인베이스는 또한 고객이 암호화폐 종류에 따라 선택적으로 직불카드와 연동시킬 수 있도록 하는 코인베이스 카드 앱(응용 프로그램)도 내놨다. 한 가지 암호화폐 계좌만 카드와 연결하고 다른 종류의 암호화폐 계좌는 결제에 이용되지 않도록 차단하는 방식이다. 소비자들은 직불카드를 통해 코인베이스에서 지원하는 모든 암호화폐 자산으로 거래가 가능할 것으로 전해졌다.암호화폐 직불카드 최초 출시로 그간 암호화폐에 대해 제기됐던 실질가치 논의에 새로운 바람이 불 것으로 분석된다. 암호화폐는 그간 거래 측면에서 그다지 높은 효용을 보이지 않는 관계로 투기에 쓰일 목적으로 발명된 ‘가짜 화폐’라는 비판을 받아왔다. 최근에는 전 세계 비트코인 거래량의 95%가 부풀려진 가짜라는 의혹이 제기되면서 암호화폐 무용론에 힘이 실리기도 했다.지난 2017년 11월 코인 당 약 2500만원을 호가하던 비트코인 가치는 이후 줄곧 내림세다. 지난해 말 300만원대까지 내려앉았던 비트코인은 현재 소폭 반등해 코인당 600만원 전후의 가치를 보이고 있다.정연일 기자 neil@hankyung.com
								"
49,https://www.hankyung.com/,2019. 4. 24.,천하의 손정의도…비트코인으로 1500억원 손실,https://www.hankyung.com/international/article/201904249205i,"벤처투자의 큰손'으로 불리는 손정의 일본 소프트뱅크그룹 회장(사진)이 가상화폐에 투자했다가 1500억원에 달하는 손실을 본 사실이 
알려졌다.",2019.04.25 01:40,'상투'에 사서 폭락할 때 팔아,"






                            ‘벤처투자의 큰손’으로 불리는 손정의 일본 소프트뱅크그룹 회장(사진)이 가상화폐에 투자했다가 1500억원에 달하는 손실을 본 사실이 알려졌다.월스트리트저널(WSJ)은 손 회장이 2017~2018년 개인적으로 비트코인에 투자했다가 1억3000만달러(약 1494억원)를 날렸다고 23일(현지시간) 전했다.손 회장은 비트코인이 최고가를 찍었던 2017년 말 대량 매입했다가 2018년 초 가격이 폭락할 때 매도해 막대한 투자 손실을 기록했다. 비트코인 가격은 2017년 12월 BTC당 2만달러(약 2298만원) 수준에 육박했다가 이후 급락했다. 최근에는 BTC당 5600달러(약 644만원) 선에서 거래되고 있다.손 회장은 소프트뱅크가 보유한 자산운용사 포트리스인베스트먼트의 피터 브리거 공동회장의 권유로 비트코인 투자에 나선 것으로 전해졌다. 포트리스인베스트먼트는 2013년부터 1억5000만달러가 넘는 자금을 비트코인에 투자한 것으로 알려졌다. WSJ는 손 회장의 비트코인 투자 실패에 대해 “세계에서 가장 정교하고 부유한 투자자들조차 가상화폐 광풍에 사로잡혔다는 것을 보여준다”며 “손 회장 자산은 190억달러에 달해 손실이 큰 문제는 아니겠지만 투자자로서 그의 명성에는 흠집이 났다”고 했다.손 회장은 1999년 마윈 중국 알리바바 회장을 만나 단 6분 만에 2000만달러의 투자를 약속한 일화로 유명하다. 이후 알리바바에 대한 투자를 8000만달러까지 늘렸고, 10여 년간의 투자로 800배가 넘는 수익을 올렸다. 또 2017년부터 1000억달러 규모의 비전펀드를 조성해 우버, 위워크 등 세계 유망 스타트업(신생 벤처기업)에 장기 투자를 해왔다.설지연 기자 sjy@hankyung.com
								"
52,https://www.hankyung.com/,2019. 4. 16.,거래소들 '비트코인SV' 상장폐지 움직임,https://www.hankyung.com/it/article/201904168212g,"비트코인SV 설립자 크레이그 라이트는 사기꾼” 업계 한 목소리...사기성 행위 등 지적당해. 15일 주요 암호화폐 거래소 바이낸스가
비트 ...",2019.04.16 14:57,"“비트코인SV 설립자 크레이그 라이트는 사기꾼” 
업계 한 목소리...사기성 행위 등 지적당해","




15일 주요 암호화폐 거래소 바이낸스가 비트코인SV(BSV)의 상장폐지를 발표했다.(사진=바이낸스 공식홈페이지 화면 갈무리)

                        가상화폐(암호화폐) 거래소들이 지난해 하드포크(체인 분리)를 통해 비트코인캐시에서 갈라져나온 암호화폐 '비트코인SV(사토시비전)'를 상장 폐지한다. 거래소들은 비윤리적·사기성 행위, ‘개발활동 수준미달, 암호화폐 생태계 위협 등을 이유로 꼽았다.세계 최대 암호화폐 거래소 바이낸스는 15일 공식 홈페이지를 통해 비트코인SV를 상장 폐지한다고 밝혔다. 창펑자오 바이낸스 최고경영자(CEO)는 지난 11일 트위터에서 상장 폐지를 시사한 바 있다. 이어 미국 거래소 크라켄이 비트코인SV 상장 폐지 투표에 들어갔다. 스위스 거래소 셰이프트쉬트 등도 비트코인SV 상장 폐지 대열에 합류했다.이처럼 비트코인SV 상장 폐지 움직임이 잇따르는 것은 비트코인SV 설립자인 크레이그 라이트 엔체인 수석연구원의 좌충우돌 행보 때문이다. 라이트 수석연구원은 스스로를 비트코인 창시자인 '사토시 나카모토'라고 수년간 주장해왔지만 이를 입증할 만한 증거를 제시하지 못했다.그는 지난해 2월 사망한 동료가 보유했던 비트코인 100만개(약 5조7000억원 상당)를 가로챈 혐의로 피소를 당했다. 작년 11월에는 비트코인캐시 하드포크 방향성을 놓고 ""우리 편을 들지 않으면 보유 비트코인 100만개를 모두 팔아버리겠다""고 엄포를 놓기도 했다.최근 라이트 수석연구원은 자신을 '사기꾼'으로 지칭한 인물을 고소하겠다면서 해당 인물의 신상 정보를 가져오는 사람에게 5000달러(약 568만원) 상당의 비트코인SV를 지급하겠다고도 했다.그의 이러한 행동은 암호화폐 업계의 빈축을 샀고, 결국 상장 폐지로 이어지는 형국이다.암호화폐 거래소 업비트에 따르면 바이낸스의 상장 폐지가 확정되자 비트코인SV 시세는 8만4000원대에서 하루 만에 6만4000원대까지 빠지며 20% 이상 급락했다. 반면 비트코인캐시는 34만원대에서 한때 39만원대까지 14% 이상 급등했다. 김산하 한경닷컴 기자 sanha@hankyung.com기사제보 및 보도자료 open@hankyung.com
"
56,https://www.hankyung.com/,2019. 4. 3.,"""가짜뉴스 때문에 올랐다""던 비트코인, 여전히 시세유지",https://www.hankyung.com/it/article/201904034446g,"전날 오후 급등한 가상화폐(암호화폐) 비트코인 시세가 3일 오전 7시30분 기준 534만원선(이하 업비트 기준)을 기록했다. 비트코인
가격은 전일 ...",2019.04.03 13:21,"530만원대 기록중…""900억 규모 현금 유입 영향"" 분석도","




사진=게티이미지뱅크 

                            전날 오후 급등한 가상화폐(암호화폐) 비트코인 시세가 3일 오전 7시30분 기준 534만원선(이하 업비트 기준)을 기록했다.비트코인 가격은 전일 470만원대에서 오후 1시경 급등해 한때 550만원까지 올랐다. 일각에선 ""미국 증권거래위원회(SEC)가 비트코인 ETF(상장지수펀드)를 승인했다""는 호재를 다룬 '만우절 가짜뉴스'를 요인으로 지목하기도 했으나, 약간의 조정을 거친 뒤 상승분을 유지 중이다.만우절 가짜뉴스 때문이라면 사실관계가 밝혀지고 어느정도 시간이 흐른 만큼 비트코인 가격이 상승분을 반납해야 한다. 따라서 이번 급등 요인을 단순히 가짜뉴스로 보긴 어렵게 됐다.암호화폐 애널리스트 조셉 영은 ""블리딩 크립토(필명)에 따르면 4200달러선에서 8000만 달러(약 909억원) 규모 매수가 이뤄졌다""며 고래(거물)가 움직인 영향일 수 있다고 짚었다.규모가 작은 암호화폐 시장의 속성상 특별한 이유 없이도 몇몇 고래들 움직임에 따라 가격이 급등락하기도 한다. 업계에선 ""그간 쌓여온 호재들이 영향을 줬을 가능성이 있다""는 평가도 나온다.한편 가짜뉴스 진원지가 중국이란 설도 제기됐다. 중국 경제학자 샤오레이(肖磊)는 자신의 SNS(소셜네트워크서비스)에 ""만약 이번 소식(ETF 승인 등)이 중국에서 만들어지고 해외 미디어를 통해 발표돼 조작된 것이라면 비트코인 가격 상승은 조작된 강세""라고 언급했다.오세성 한경닷컴 기자 sesung@hankyung.com기사제보 및 보도자료 open@hankyung.com
"
61,https://www.hankyung.com/,2019. 4. 11.,"中 ""비트코인 도태산업""…업계는 '엄지 척'",https://www.hankyung.com/it/article/201904100303g,"중국 국가발전개혁위원회(발개위)가 가상화폐(암호화폐) 채굴 산업을 '도태 산업'으로 지정했다. 규제가 나왔지만 업계는 도리어 반기는
분위기다.",2019.04.11 09:19,"가상화폐 공급 줄어 시세 상승
""美日 우호정책 기조에도 도움""","






                        중국 국가발전개혁위원회(발개위)가 가상화폐(암호화폐) 채굴 산업을 '도태 산업'으로 지정했다. 규제가 나왔지만 업계는 도리어 반기는 분위기다. 공급량이 줄어 암호화폐 시세에 긍정적 신호를 주는 데다 미국·일본 등의 암호화폐 산업정책에도 도움이 된다는 판단에서다.발개위는 취근 산업 활동 제한·금지를 권고하는 '산업 구조조정 지도 목록 2019년 개정판'을 발표했다. 목록에선 암호화폐 채굴업이 도태 산업으로 분류됐다. 발개위는 자원낭비, 환경오염 발생, 낮은 생산성 등을 이유로 들었다.해당 목록은 다음달 7일까지 의견수렴 및 수정을 거쳐 발효된다. 이대로라면 중국의 암호화폐 채굴업 자체가 사라질 수 있다.중국은 글로벌 최대 암호화폐 채굴지다. 업계 대표 기업 비트메인이 중국 기반이다. 특히 여름철 우기에는 수력발전 전기료가 저렴해질 것으로 예측해 채굴장비 수십만대를 추가 배치하려던 터였다. 중국 채굴산업이 흔들리면 암호화폐 공급이나 블록체인 네트워크 유지가 불안정해질 가능성도 있다.최대 규모 암호화폐 채굴업체들이 철퇴를 맞게 됐지만 암호화폐 시장엔 별다른 충격이 없었다. 오히려 긍정적인 분위기가 감지된다.업계는 중국 당국의 암호화폐 채굴 금지가 역으로 글로벌 암호화폐 산업 육성에 기회가 될 수 있다고 내다봤다.한 전문가는 ""저가 중국 채굴장이 사라지면 암호화폐 채굴 원가가 상승해 시세엔 긍정적""이라며 ""뿐만 아니라 그간 중국산 대형 채굴장이 독점하던 시장이 분산돼 블록체인의 '탈중앙화' 측면에서도 도움이 될 것""이라고 말했다.또 다른 업계 관계자도 ""암호화폐 산업 제도권 진입을 검토하는 미국이나 일본은 중국을 걸림돌로 여겼을 것이다. 자칫 암호화폐 산업 육성의 '과실'이 중국으로 흘러들어갈 수 있기 때문""이라면서 ""중국이 암호화폐 시장을 억제한다면 그만큼 미국·일본 등은 산업 육성에 집중할 수 있을 것""이라고 평가했다. 김산하 한경닷컴 기자 sanha@hankyung.com기사제보 및 보도자료 open@hankyung.com
"
62,https://www.hankyung.com/,2019. 6. 25.,페이스북 `리브라`에 다시 들썩이는 가상화폐 시장…비트코인 1천300만원 돌파,https://www.hankyung.com/news/article/2019062587255,"가상화폐(암호화폐) 대표 종목인 비트코인 가격이 상승세를 이어가며 25일 1천300만원을 넘어섰다. 가상화폐 거래소 빗썸에 따르면 이날 
오후 4시 ...",2019.06.25 21:21,,"






                        가상화폐(암호화폐) 대표 종목인 비트코인 가격이 상승세를 이어가며 25일 1천300만원을 넘어섰다.가상화폐 거래소 빗썸에 따르면 이날 오후 4시 22분 기준 비트코인은 1천333만5천원에 거래됐다. 전날보다 5.29% 오른 가격이다.지난해 `암흑기`를 보냈던 가상화폐 시장은 4월부터 가격이 들썩이는 모습이다.지난해 말 300만 원대까지 추락했던 비트코인 가격이 지난달 27일에는 1천만원을 돌파했다. 1년만에 1천만원선을 회복한 것이다.이후 잠시 주춤했지만 지난 13일부터 다시 오름세로 전환했다.관련 업계는 최근 페이스북의 가상화폐 `리브라` 도입 공식화 등으로 가상화폐 합법화에 대한 기대가 높아진 영향으로 해석하고 있다.페이스북은 최근 이르면 내년부터 새로운 가상화폐 결제 서비스 `리브라`를 도입한다고 발표했다.김주리기자 yuffie5@wowtv.co.kr한국경제TV 핫뉴스ㆍ티몬, 초소형 전기차 `다니고` 100대 선착순 판매 개시ㆍ강성훈 박소현, 카메라 꺼진 줄 모르고 포옹하다…`들통?`ㆍ개리 아내, `아무도 몰랐다`…10살 연하 리쌍컴퍼니 직원?ㆍ손예진 나이?…""밥 잘 사주는 예쁜 누나""ㆍ낸시랭 “올해 한국 떠날 것, 다른 나라서 인생 2막”ⓒ 한국경제TV, 무단 전재 및 재배포 금지
								"
65,https://www.hankyung.com/,2019. 4. 27.,비트코인 투자사기로 1000여만원 가로챈 20대 법정구속,https://www.hankyung.com/society/article/201904279814Y,"법원 ""복구 안 됐고, 범죄전력 다수"" 징역 6개월 선고 청주지법 형사2단독 류연중 부장판사는 27일 비트코인 투자 관련 고수익을
미끼로 1천만원대 ...",2019.04.27 10:40,,"
								법원 ""복구 안 됐고, 범죄전력 다수"" 징역 6개월 선고청주지법 형사2단독 류연중 부장판사는 27일 비트코인 투자 관련 고수익을 미끼로 1천만원대 사기 행각을 벌인 혐의(사기)로 기소된 A(28) 씨에게 징역 6개월을 선고하고, 법정구속했다고 밝혔다.
                            





                        류 부장판사는 판결문에서 ""피해 복구가 이뤄지지 않았고, 동종전과는 물론 형사처분 전력이 여러 차례 더 있는 점을 고려하면 그에 상응하는 처벌이 불가피하다""고 지적했다.A 씨는 지인 B 씨에게 '비트코인에 50만원을 투자하면 한 달 내 500만원의 수익을 내주겠다'는 식의 거짓말로 2017년 12월부터 약 한 달간 8차례에 걸쳐 700만원을 가로챈 혐의로 재판에 넘겨졌다.A 씨는 수개월 뒤 B 씨가 투자금 회수를 요구하자 '돈을 인출하려면 수수료가 필요하다'며 340만원을 추가로 편취한 것으로 드러났다./연합뉴스
								"
69,https://www.hankyung.com/,2019. 5. 27.,환율전쟁에 대체자산 급등…금·비트코인 강세,https://www.hankyung.com/news/article/2019052789365,"<앵커> 날로 격화하는 미국과 중국의 무역갈등이 환율 전쟁으로 확전되고 있습니다. 우리 경제에 대한 시장의 불안도 커지면서 금과 같은
안전자산 뿐 ...",2019.05.27 17:03,,"
								<앵커>날로 격화하는 미국과 중국의 무역갈등이 환율 전쟁으로 확전되고 있습니다. 우리 경제에 대한 시장의 불안도 커지면서 금과 같은 안전자산 뿐 아니라 비트코인과 같은 대체자산에 관심이 쏠리는 모습입니다. 신인규 기자가 보도합니다.<기자>미국과 중국의 무역 전쟁에 이은 환율 전쟁이 우리 경제에 불안감을 키우고 있습니다.통화 가치가 낮은 나라들에 대해 상계관세를 매기겠다는 미국의 조치는 결국 중국을 제재하기 위한 것이라는 분석이 나오지만, 우리나라가 유탄을 맞을 가능성도 배제할 수 없기 때문입니다.교역상대국의 명목환율을 교역량으로 가중평균한 환율인 실효환율 추이를 살펴봤습니다.미국이 지정한 6개 환율 관찰대상국 가운데 이번달 들어 실효환율이 떨어지고 있는 나라는 중국과 우리나라 둘 뿐이었습니다.지난해 10월 이후 우리나라 원화와 중국 위안화의 상관계수가 최대치인 1에 근접(0.9)할 정도로 높아진 가운데, 미국의 `환율 관세` 예고는 그 자체로 국내 경기에 부담입니다.투자 심리는 금과 은, 비트코인 등 대체 자산에 쏠리고 있습니다.국내 주요 암호화폐거래소에서 비트코인 가격은 1천만원을 넘어섰습니다.한국금거래소에 따르면 실버바의 수요는 5월까지 3개월 연속 2천Kg를 초과하는 등 품귀 현상을 빚고 있습니다.5월물 기준 국제 금 가격이 2월 고점 대비 떨어지는 가운데 국내 금 소매가는 상승하고 있는 것도 주목되는 부분입니다.5월 국내 시장에서 월평균 금 기준가는 그램당 4만8천원선을 돌파하며 연중 최고치를 기록했고, 같은 기간 금융권에서 판매되는 금 거래량은 24일 누적기준 267Kg에 달했습니다.과거 북한 도발로 금 매입이 급증했던 2015년 수준을 넘어선 겁니다.한국경제TV 신인규입니다.신인규기자 ikshin@wowtv.co.kr한국경제TV 핫뉴스ㆍ티몬, 초소형 전기차 `다니고` 100대 선착순 판매 개시ㆍ강성훈 박소현, 카메라 꺼진 줄 모르고 포옹하다…`들통?`ㆍ개리 아내, `아무도 몰랐다`…10살 연하 리쌍컴퍼니 직원?ㆍ손예진 나이?…""밥 잘 사주는 예쁜 누나""ㆍ낸시랭 “올해 한국 떠날 것, 다른 나라서 인생 2막”ⓒ 한국경제TV, 무단 전재 및 재배포 금지
								"
74,https://www.hankyung.com/,2019. 5. 20.,'인출책' 역할 거부한 후배 감금폭행…비트코인 사기단 실형,https://www.hankyung.com/society/article/201905204785Y,"비트코인 판매를 빙자한 사기행각을 벌이고, 범행 모의 과정에서는 현금 인출책 역할을 맡기를 거부한 후배를 마구 때린 20대들이 실형에
처해졌다.",2019.05.20 15:13,,"
								비트코인 판매를 빙자한 사기행각을 벌이고, 범행 모의 과정에서는 현금 인출책 역할을 맡기를 거부한 후배를 마구 때린 20대들이 실형에 처해졌다.수원지법 형사16단독 김혜성 판사는 공동폭행·공동감금·사기 등의 혐의로 기소된 박모(23) 씨에 대해 징역 2년, 임모(23) 씨에 대해 징역 1년 6월을 선고했다고 20일 밝혔다.
                            





                        또 함께 기소된 다른 피고인 2명에 대해서는 징역 1년에 집행유예 3년, 징역 6월에 집행유예 2년을 각각 선고하고 보호관찰 및 사회봉사 등을 명령했다.이들은 비트코인 판매를 미끼로 사기를 쳐서 돈을 벌기로 모의하는 과정에서 후배인 A(20) 씨가 현금 인출책 역할을 맡기로 승낙했다가 이를 번복하자 A 씨를 폭행하기로 마음먹었다.박 씨 등은 지난해 10월 6일 오후 수원시의 한 모텔로 A 씨를 불러내 ""속옷을 빼고 다 벗은 뒤 무릎을 꿇어라""라고 협박하고, 수차례 폭행했다.또 객실 안의 헤어아이언(일명 고데기)를 달군 뒤 지질 듯이 위협하고, 커피포트의 뜨거운 물을 발에 조금씩 붓기도 했다.이어 박 씨 등은 폭행 후인 이튿날 새벽 A 씨에게 ""네가 오늘 형들을 고생시켰고, 우리 오늘 1억 정도 날렸다""고 주장하면서 60만원과 체크카드를 빼앗고, A 씨가 자신들의 코인 사기 범행을 신고하지 못하도록 수시간 동안 모텔에 감금한 혐의로 기소됐다.이들은 지난해 10월 7일부터 같은 달 15일까지 카카오톡을 통해 피해자들에게 ""돈을 주면 코인 지갑 아이디와 비밀번호를 양도하겠다""는 등의 거짓말을 해 코인 판매대금을 받아 챙기는 수법으로 4차례에 걸쳐 2천300여만원을 가로챈 혐의도 받는다.김 판사는 ""범행 경위와 방법, 횟수 등에 비춰볼 때 죄질이 상당히 불량하다""고 판시했다./연합뉴스
								"
75,https://www.hankyung.com/,2019. 5. 28.,"그래핀, 반도체, 비트코인, 희토류 관련 종목 네티즌 관심 ↑",https://www.hankyung.com/finance/article/201905281963L,"라씨로(Rassiro) 빅데이터 분석에 따르면, 05월 28일 오전 네티즌들은 그래핀, 반도체, 비트코인, 희토류 관련된 종목에 관심이 
높은 것으로 ...",2019.05.28 13:57,,"
								라씨로(Rassiro) 빅데이터 분석에 따르면, 05월 28일 오전 네티즌들은 그래핀, 반도체, 비트코인, 희토류 관련된 종목에 관심이 높은 것으로 나타났다. 세부 종목들은 아래 표에서 확인 할 수 있다.[표] 네티즌 인기 키워드 및 관련 종목




그래핀,

                        ※ 관련 종목은 빅데이터 분석에 의해 추출되므로 기업의 현황과 맞지 않을 수 있음관련 키워드 : 그래핀, 반도체, 비트코인, 희토류, 황교안, 돼지열병관련 종목 : 오리엔트정공, 피에스케이, 인텍플러스, SBI인베스트먼트, 데일리블록체인, 옴니텔, 메디안디노스틱, 미코, 테라셈, 비덴트, 테크윙, 월덱스, 티비씨, 국일신동, 세종머티리얼즈, 한창제지, LG상사, 옵티팜, 우리기술투자, 서연탑메탈, 동운아나텍, 동진쎄미켐, 키다리스튜디오, 제이스텍, 아세아텍, 국일제지, 아이컴포넌트, 한류AI센터, 대호피앤씨, 해성디에스, 우리기술, 한화에스비아이스팩, 솔루에타, 한빛소프한경로보뉴스이 기사는 한국경제신문과 금융 AI 전문기업 씽크풀이 공동 개발한 기사 자동생성 알고리즘에 의해 실시간으로 작성된 것입니다.
								"
